Season_ID,Player_ID,Team_ID,G,GS,ThreeP,ThreePA,TwoP,TwoPA,FT,FTA,ORB,DRB,AST,STL,BLK,TOV,PF,PTS,Trp_Dbl
2023,1,17,35,1,44,105,9,20,4,4,6,39,22,6,0,9,31,154,0
2024,1,17,56,0,69,169,14,27,17,19,9,55,30,9,4,12,49,252,0
2025,1,17,73,7,155,363,27,61,22,27,18,156,108,37,7,40,157,541,0
2026,1,17,58,57,168,408,23,46,32,40,16,130,113,29,5,48,140,582,0
2024,2,7,42,0,13,50,41,71,15,23,14,36,20,10,3,14,22,136,0
2025,2,28,26,2,33,101,47,89,43,63,20,66,31,13,6,15,44,236,0
2026,2,28,14,0,8,22,8,19,9,9,7,16,3,4,3,4,15,49,0
2022,3,8,75,75,87,260,347,574,171,230,125,314,188,44,44,133,148,1126,0
2023,3,8,68,68,60,173,369,588,191,314,164,282,203,54,51,98,129,1109,0
2024,3,8,73,73,40,138,358,578,177,269,174,297,259,56,45,105,142,1013,0
2025,3,8,51,42,75,172,189,325,145,179,80,167,164,23,14,73,82,748,0
2026,3,8,24,21,42,108,98,172,87,111,32,113,61,16,4,24,38,409,0
2021,5,12,66,8,67,182,103,254,68,83,15,74,123,46,13,66,94,475,0
2023,5,1,63,6,36,88,56,132,27,32,25,49,89,37,12,36,79,247,0
2024,5,11,78,1,84,217,102,200,58,63,23,100,140,42,6,53,125,514,0
2025,5,11,62,3,72,181,45,87,34,41,13,65,83,19,11,37,64,340,0
2026,5,11,40,1,45,118,29,61,31,36,6,31,37,17,4,24,55,224,0
2021,6,2,46,1,40,108,38,70,22,28,28,99,23,15,9,23,87,218,0
2022,6,2,52,3,31,115,41,67,21,26,15,74,22,20,5,31,70,196,0
2023,6,12,73,60,115,314,137,276,119,142,62,215,98,55,34,75,235,738,0
2024,6,12,72,47,140,334,175,301,107,137,63,212,108,65,49,64,241,877,0
2025,6,12,45,37,84,195,108,184,73,80,37,141,54,35,17,37,114,541,0
2026,6,12,35,32,77,217,71,174,73,90,42,118,72,21,20,48,92,446,0
2022,7,21,50,35,42,138,114,199,62,85,51,127,68,30,10,54,93,416,0
2023,7,21,70,14,48,122,138,241,59,71,68,142,80,39,15,55,110,479,0
2024,7,21,78,4,62,126,150,251,56,71,60,126,86,56,19,56,91,542,0
2025,7,21,76,26,130,339,225,389,74,89,81,214,134,60,18,69,101,914,0
2026,7,21,50,18,82,229,111,222,48,64,34,135,94,49,25,65,69,516,0
2021,8,24,24,0,18,43,39,73,28,37,7,55,19,10,9,19,34,160,0
2022,8,24,14,0,4,14,8,21,6,10,4,23,7,8,4,11,20,34,0
2026,9,29,57,46,92,272,191,369,46,62,92,137,96,49,29,77,151,704,0
2025,10,21,37,0,14,72,11,24,1,2,7,20,12,8,3,4,15,65,0
2021,11,5,14,0,1,10,6,9,0,1,1,4,5,2,1,5,5,15,0
2025,14,23,58,11,0,1,135,191,67,100,92,153,27,26,69,61,125,337,0
2026,14,23,54,6,2,5,92,149,56,83,97,131,23,20,67,42,123,246,0
2022,15,22,38,1,26,79,28,50,12,15,17,72,25,4,5,21,58,146,0
2023,15,22,37,0,24,74,31,48,21,23,23,39,31,8,5,16,61,155,0
2024,15,22,23,0,6,16,4,10,0,2,3,14,7,1,0,5,9,26,0
2026,16,14,18,0,0,1,10,20,8,10,7,12,6,5,2,4,15,28,0
2023,18,1,72,12,101,259,147,274,42,47,37,116,73,42,12,42,87,639,0
2024,18,1,20,0,10,39,8,23,2,2,2,16,5,1,2,8,6,48,0
2025,20,21,36,1,23,60,68,124,29,35,18,50,64,25,4,29,68,234,0
2026,20,21,43,9,48,137,174,319,114,131,29,120,157,61,14,68,93,606,0
2021,21,21,28,28,56,152,106,208,18,22,29,159,94,25,26,29,48,398,0
2022,21,2,69,69,89,265,177,304,80,95,108,422,232,49,92,65,130,701,0
2023,21,2,63,63,145,325,83,154,15,21,73,317,189,30,61,37,121,616,0
2024,21,2,65,33,108,258,106,161,26,30,82,331,168,38,62,48,93,562,0
2025,21,2,60,42,114,314,81,147,34,38,79,290,128,36,51,46,81,538,0
2026,21,10,41,10,67,184,59,106,22,26,41,164,107,30,46,39,48,341,0
2021,23,20,49,5,102,246,108,254,101,118,21,206,107,31,14,49,102,623,0
2022,23,20,81,44,157,389,128,339,217,264,47,350,239,85,26,91,215,944,0
2023,23,9,51,8,99,239,101,220,153,188,19,139,114,38,8,58,98,652,0
2025,23,16,49,14,88,207,27,64,38,49,15,109,55,28,7,29,37,356,0
2021,25,21,45,28,58,207,81,201,31,42,30,182,97,20,42,99,58,367,0
2022,25,21,61,12,57,197,129,259,35,50,73,245,131,39,38,94,88,464,1
2023,25,21,34,25,38,104,70,145,22,35,45,114,64,20,43,43,58,276,0
2021,26,10,15,1,4,10,7,17,2,6,6,10,4,3,5,5,11,28,0
2021,27,14,58,6,55,137,78,168,49,76,31,139,160,64,15,76,108,370,0
2022,27,5,41,18,42,126,60,130,58,73,33,115,165,71,15,57,106,304,0
2023,27,5,67,36,55,151,75,135,59,73,42,154,193,98,46,77,159,374,0
2024,27,5,71,57,136,333,117,208,73,96,62,211,247,120,70,102,181,715,0
2025,27,21,54,3,60,170,80,144,42,51,38,121,137,87,30,37,102,382,0
2026,27,21,43,0,44,141,57,96,31,40,23,92,86,59,14,38,50,277,0
2025,28,21,21,0,10,21,2,9,2,2,9,17,5,5,0,4,12,36,0
2022,30,26,39,10,6,21,88,155,41,63,52,109,45,13,25,43,100,235,0
2023,30,26,26,2,0,2,16,28,11,16,24,36,12,4,11,16,28,43,0
2024,30,26,48,0,0,3,50,78,20,34,46,82,50,11,33,27,66,120,0
2025,32,30,67,67,105,341,221,487,112,165,124,311,161,44,101,114,146,869,0
2026,32,30,41,41,40,119,245,456,94,136,96,223,115,34,82,70,85,704,0
2021,33,14,39,0,16,39,32,54,10,18,22,32,6,7,0,5,26,122,0
2022,33,5,17,3,9,27,15,34,2,8,13,20,5,2,3,7,26,59,0
2026,34,28,14,0,2,13,9,20,10,12,6,8,8,6,3,3,10,34,0
2021,35,3,18,0,1,6,39,62,13,13,27,63,14,5,5,9,16,94,0
2022,37,11,72,13,29,117,220,408,165,232,138,255,185,59,68,145,214,692,0
2023,37,11,75,72,19,57,423,742,206,288,242,436,291,70,70,193,258,1109,2
2024,37,11,63,63,33,111,494,871,244,352,183,406,312,76,46,162,211,1331,2
2025,37,11,76,76,21,90,546,1053,296,428,262,524,372,84,61,194,209,1451,4
2026,37,11,55,55,29,101,414,780,214,309,169,330,341,72,59,183,176,1129,3
2024,38,4,10,0,1,8,7,16,6,7,6,3,7,3,0,4,2,23,0
2026,39,2,17,2,0,0,7,16,8,12,7,23,7,2,9,7,15,22,0
2024,40,11,62,23,8,58,231,388,106,155,148,261,163,78,38,90,141,592,1
2025,40,11,69,42,25,91,363,606,169,247,192,372,265,97,89,138,167,970,3
2026,40,11,60,60,20,97,388,691,217,283,173,290,316,93,37,152,130,1053,0
2021,42,13,44,1,23,56,22,47,27,38,10,34,22,10,0,15,30,140,0
2022,42,13,69,30,96,254,115,212,101,117,26,171,124,38,15,45,87,619,0
2023,42,13,50,9,11,40,45,105,49,63,17,36,53,7,5,21,50,172,0
2024,42,13,70,13,70,184,96,168,61,71,29,119,76,41,14,33,102,463,0
2025,42,13,72,13,101,247,139,263,115,129,32,129,77,40,7,45,120,696,0
2023,44,5,67,0,0,3,166,271,67,125,138,306,33,45,27,75,117,399,0
2024,44,5,79,10,0,3,267,477,129,218,265,443,37,73,48,81,140,663,0
2025,44,23,40,23,3,20,114,214,56,90,109,201,34,39,18,55,94,293,0
2026,44,23,48,24,22,66,102,189,45,73,157,250,46,29,38,47,98,315,0
2021,45,16,63,5,60,182,35,66,25,38,38,183,142,57,35,67,90,275,0
2022,45,10,31,0,17,74,29,47,15,20,21,79,114,27,22,28,34,124,0
2024,46,17,57,8,17,46,33,54,8,11,43,70,50,16,6,28,92,125,0
2025,46,17,67,43,30,76,64,121,12,24,65,117,83,34,14,58,114,230,0
2026,46,17,32,0,5,30,8,24,9,10,13,19,26,8,2,12,25,40,0
2023,49,12,75,63,92,263,192,381,49,62,35,164,341,70,13,126,179,709,0
2024,49,12,68,47,61,171,199,351,45,56,36,105,280,63,6,101,143,626,0
2025,49,12,65,65,51,175,196,364,108,136,34,182,326,79,11,112,149,653,0
2026,49,12,49,49,94,261,199,404,161,197,21,118,359,44,7,123,106,841,0
2021,50,10,71,71,140,368,365,690,170,238,82,265,167,67,70,126,159,1320,0
2022,50,10,73,73,157,399,318,620,149,235,85,240,161,76,51,111,158,1256,0
2023,50,10,37,37,89,225,161,304,44,72,61,125,85,45,28,48,107,633,0
2024,50,10,71,59,91,254,262,526,142,189,108,213,119,42,41,87,147,939,0
2026,50,16,57,57,113,283,229,438,108,137,101,190,159,64,59,91,126,905,0
2021,51,25,64,0,120,282,48,119,46,57,14,126,89,18,8,43,96,502,0
2022,51,25,57,30,179,442,174,355,103,116,26,125,221,30,6,115,110,988,0
2023,51,25,62,62,212,562,255,483,160,179,18,143,253,42,14,128,142,1306,0
2024,51,25,46,46,156,405,204,432,163,178,22,145,255,23,5,126,98,1039,0
2025,51,25,70,70,215,593,264,532,175,194,25,164,337,60,5,143,117,1348,0
2024,52,22,69,33,37,94,78,153,49,80,33,106,91,35,21,56,110,316,0
2025,52,22,78,10,62,195,200,425,150,197,52,178,240,86,48,139,166,736,0
2026,52,22,60,40,96,283,236,453,157,215,44,188,229,86,41,125,159,917,0
2021,53,14,36,36,26,100,275,513,158,214,62,224,110,45,59,74,60,786,0
2022,53,14,40,40,13,70,357,625,174,244,106,288,122,49,90,82,97,927,0
2023,53,14,56,54,19,74,523,888,348,444,195,507,148,59,114,122,146,1451,0
2024,53,14,76,76,29,107,684,1176,421,516,239,722,266,91,178,159,177,1876,2
2026,53,7,20,20,10,37,159,297,59,81,62,159,56,22,33,41,42,407,0
2021,54,18,72,55,171,520,334,691,211,272,59,277,211,82,36,160,129,1392,0
2022,54,18,72,72,215,602,334,643,220,280,62,281,275,105,46,190,164,1533,0
2023,54,18,79,79,213,578,494,963,319,422,47,411,350,125,58,259,186,1946,0
2024,54,18,79,78,190,532,528,1026,423,506,52,378,405,101,42,241,141,2049,0
2025,54,18,79,79,320,811,401,801,415,496,61,389,359,91,51,249,150,2177,0
2026,54,18,54,54,190,465,363,653,303,383,34,244,197,77,45,150,98,1599,0
2021,55,30,26,4,7,24,23,36,13,16,16,35,11,10,4,8,27,80,0
2022,55,30,44,0,14,26,48,83,42,52,33,52,27,5,11,18,58,180,0
2023,55,30,59,8,4,29,67,103,49,67,37,62,34,7,12,15,70,195,0
2024,55,30,50,3,10,41,65,119,29,36,37,57,34,13,11,23,48,189,0
2025,55,30,51,0,10,31,33,57,33,50,18,48,16,9,2,10,30,129,0
2026,55,30,35,1,7,22,48,72,15,21,30,51,31,15,11,19,35,132,0
2021,56,11,24,3,23,71,23,47,18,21,27,43,23,6,5,19,34,133,0
2023,56,10,62,4,73,199,75,115,46,60,56,159,96,28,20,54,134,415,0
2021,57,23,11,0,4,14,0,3,5,6,3,7,2,3,2,3,7,17,0
2025,59,19,44,6,51,129,62,119,28,35,18,45,39,21,4,30,40,305,0
2025,61,20,25,1,0,0,21,31,6,13,14,37,11,1,15,21,32,48,0
2026,61,20,46,4,1,4,32,55,21,28,43,87,22,8,23,27,55,88,0
2021,63,11,20,5,60,157,18,35,7,12,10,58,30,12,5,22,34,223,0
2024,63,3,10,0,11,32,4,14,1,2,7,11,5,1,1,3,3,42,0
2021,65,28,53,31,27,103,107,201,29,41,87,186,47,17,23,46,119,324,0
2026,66,1,40,1,27,69,53,80,14,25,37,44,20,15,13,21,62,201,0
2024,67,25,19,1,8,25,21,46,14,17,14,31,54,11,9,30,40,80,0
2024,68,9,63,38,21,113,211,367,71,119,129,273,120,68,59,84,175,556,0
2025,68,9,59,48,11,49,235,411,91,142,111,192,134,98,40,80,164,594,0
2026,68,9,57,56,6,22,235,440,93,161,120,214,167,109,49,82,155,581,0
2022,69,14,61,19,53,167,93,151,99,118,45,148,110,29,20,40,87,444,1
2023,69,14,64,22,86,216,173,274,229,265,33,160,215,33,19,99,108,833,0
2024,69,14,82,57,154,420,303,520,232,272,57,295,450,66,25,174,153,1300,1
2025,69,14,73,73,200,531,277,506,321,366,61,268,421,81,22,177,151,1475,1
2026,69,14,37,31,87,235,183,311,241,275,24,151,200,39,13,115,81,868,0
2022,70,8,67,18,79,231,67,119,32,44,19,95,90,51,6,54,121,403,0
2023,70,18,52,10,43,123,48,86,30,39,5,78,75,28,4,23,80,255,0
2022,71,14,62,45,82,210,66,140,16,18,31,105,47,53,9,38,118,394,0
2022,73,5,77,40,70,186,208,349,53,78,27,187,256,60,29,108,182,679,0
2023,73,5,80,51,59,189,222,381,66,82,45,175,206,62,26,99,182,687,0
2024,73,5,76,37,119,295,241,424,85,105,54,162,242,68,36,103,166,924,0
2025,73,5,46,26,62,189,159,260,62,79,26,135,208,43,18,69,105,566,1
2021,75,16,64,64,2,8,454,792,283,354,142,431,346,75,66,169,145,1197,2
2022,75,16,56,56,0,6,406,723,256,340,137,427,190,80,44,148,171,1068,0
2023,75,16,75,75,1,12,601,1102,324,402,184,504,240,88,61,187,208,1529,0
2024,75,16,71,71,15,42,515,975,292,387,159,578,278,81,66,162,159,1367,2
2025,75,16,78,78,79,221,461,892,251,328,185,564,337,98,53,161,162,1410,1
2026,75,16,56,56,90,275,289,572,206,268,116,435,160,61,38,94,97,1054,0
2025,76,2,31,2,26,82,13,28,9,12,19,46,33,17,2,12,22,113,0
2026,76,2,58,16,57,151,39,60,16,18,33,145,71,32,5,31,80,265,0
2022,77,25,64,6,151,417,65,122,72,88,12,91,59,38,10,55,103,655,0
2026,78,3,27,5,13,54,34,79,28,37,8,31,72,19,4,50,34,135,0
2024,79,12,57,1,49,156,41,73,23,26,15,74,53,33,2,15,88,252,0
2025,79,12,63,9,68,199,52,88,24,27,44,133,85,38,14,22,125,332,0
2026,79,12,52,19,67,194,63,121,34,45,30,131,96,32,4,32,89,361,0
2021,80,23,58,58,3,10,322,573,176,287,93,324,401,93,35,173,171,829,4
2023,80,3,42,33,0,2,133,233,25,57,40,223,256,54,24,97,139,291,1
2024,80,3,15,12,0,0,43,74,6,15,31,88,86,12,9,27,36,92,0
2023,81,12,78,17,100,310,313,641,376,454,87,231,116,48,13,152,162,1302,0
2024,81,12,59,19,80,214,216,449,184,224,60,174,119,35,14,97,117,856,0
2025,81,12,72,49,98,288,293,565,276,332,87,296,136,47,24,135,162,1156,0
2024,82,30,63,15,64,185,124,247,92,131,56,200,110,57,48,87,137,532,0
2025,82,30,59,59,63,224,200,400,138,185,91,203,199,78,41,125,139,727,1
2026,82,30,42,42,43,145,111,221,91,125,35,146,106,60,40,62,104,442,0
2021,83,4,66,36,0,1,142,241,47,105,137,210,81,17,74,71,141,331,0
2022,83,24,36,3,0,0,86,145,38,71,63,104,23,12,26,25,70,210,0
2023,83,24,61,14,0,0,119,206,25,70,89,171,56,18,88,51,114,263,0
2025,83,27,28,26,0,0,67,114,10,25,43,115,31,16,23,27,52,144,0
2026,83,27,18,1,0,0,6,9,4,5,4,11,5,4,1,5,20,16,0
2022,84,3,56,24,38,145,95,168,55,76,60,168,105,27,14,31,95,359,0
2023,84,2,41,16,23,66,40,64,21,32,47,108,61,14,9,22,75,170,0
2023,86,27,37,1,20,52,49,163,26,44,12,69,98,25,5,65,67,184,0
2024,86,27,61,3,12,55,90,160,52,78,18,76,166,29,9,55,89,268,0
2025,86,27,58,0,17,58,64,128,38,61,17,44,114,37,6,54,46,217,0
2026,86,25,20,0,10,30,34,66,18,33,7,22,51,16,3,25,28,116,0
2021,87,7,33,3,1,8,61,114,31,38,47,81,10,2,6,12,29,156,0
2022,87,7,23,0,1,4,41,66,13,22,8,31,3,0,3,15,24,98,0
2023,87,11,31,0,0,1,41,59,20,27,20,40,9,5,2,14,10,102,0
2024,87,11,14,0,0,2,18,32,9,14,7,25,6,1,2,5,5,45,0
2021,88,17,66,7,74,157,239,441,54,73,124,342,71,52,26,56,115,754,0
2022,88,17,72,59,133,338,284,533,85,113,180,477,86,53,51,90,174,1052,0
2023,88,17,70,22,95,257,303,546,96,125,154,518,105,29,16,81,115,987,0
2024,88,17,82,4,100,246,366,672,98,124,142,465,104,68,34,91,189,1130,0
2025,88,17,49,7,65,178,212,417,61,73,90,321,104,35,26,57,94,680,0
2026,88,17,60,9,116,256,202,390,42,57,78,298,91,32,11,61,100,794,0
2026,89,9,10,0,3,12,4,12,0,3,5,13,4,3,0,5,11,17,0
2021,90,1,44,27,146,333,121,232,40,44,20,140,147,49,13,54,99,720,0
2022,90,1,63,27,169,459,173,335,97,115,29,221,194,68,14,70,132,950,0
2023,90,1,54,9,146,360,127,251,64,77,23,142,150,43,18,65,86,756,0
2024,90,1,79,33,240,641,231,459,151,164,53,219,247,96,26,112,179,1333,0
2026,90,13,18,3,25,78,22,50,19,23,6,47,48,10,1,24,41,138,0
2021,91,29,72,72,180,461,226,464,233,265,40,241,136,45,4,128,115,1225,0
2022,91,29,69,69,181,468,241,460,223,260,58,238,120,34,1,118,116,1248,0
2023,91,9,59,59,145,353,285,529,268,303,36,187,152,34,8,135,113,1273,0
2021,92,8,32,2,9,24,16,34,10,15,0,24,7,3,10,13,14,69,0
2022,92,8,14,0,1,4,14,23,2,5,4,16,5,1,2,4,4,33,0
2023,92,22,70,33,30,113,231,365,82,108,69,336,69,30,85,112,92,634,0
2024,92,24,43,0,22,52,71,99,15,19,32,105,17,10,25,19,42,223,0
2025,92,24,36,10,32,93,64,90,20,26,20,84,22,9,25,20,20,244,0
2022,93,8,69,4,131,358,99,213,107,125,14,174,191,41,20,86,153,698,0
2024,93,13,37,5,44,135,53,116,18,23,5,50,93,26,4,44,51,256,0
2026,93,18,55,3,73,192,67,118,37,51,20,74,139,30,11,47,95,390,0
2021,95,30,60,60,130,373,540,1009,408,459,72,211,265,69,22,187,140,1878,0
2022,95,30,40,40,63,210,285,561,169,203,38,151,265,36,15,135,95,928,0
2023,95,30,50,50,80,219,364,659,192,228,41,155,271,45,33,145,107,1160,0
2024,95,24,53,53,101,235,276,500,109,134,54,178,265,52,27,131,127,964,0
2025,95,24,53,38,102,264,243,430,110,137,34,143,195,58,28,99,136,902,0
2025,96,21,32,0,22,66,21,31,14,18,17,37,14,5,21,7,22,122,0
2026,96,21,35,2,21,61,49,73,9,17,24,68,21,6,18,13,30,170,0
2024,97,10,74,28,90,234,181,363,50,79,118,309,273,61,14,88,122,682,0
2025,97,10,64,33,115,309,165,320,72,95,65,260,220,69,13,75,95,747,0
2026,97,10,63,24,109,300,179,343,114,148,59,267,234,69,11,96,113,799,0
2022,98,13,51,0,34,111,91,214,59,72,17,94,51,26,13,31,43,343,0
2023,98,13,22,1,12,29,39,93,29,38,7,23,20,9,0,12,21,143,0
2024,98,13,32,0,14,52,51,109,23,33,19,33,13,11,8,24,40,167,0
2025,98,19,42,10,49,140,117,241,67,85,28,106,92,53,9,52,73,448,0
2021,99,15,59,16,20,77,236,418,78,113,97,231,95,60,51,33,84,610,0
2022,99,15,64,1,5,22,283,425,85,130,135,207,86,39,68,34,122,666,0
2023,99,15,56,8,1,6,228,343,99,137,92,218,72,34,37,55,131,558,0
2025,99,15,64,18,1,17,235,363,61,87,127,199,66,52,36,41,145,534,0
2021,100,1,47,5,32,103,52,120,28,43,8,61,95,17,0,36,41,228,0
2022,100,6,36,5,19,55,45,99,24,38,14,53,91,25,1,36,39,171,0
2021,101,19,61,61,143,375,370,726,281,320,34,265,296,42,36,154,124,1450,0
2022,101,19,55,55,74,226,379,757,266,322,35,285,307,34,26,151,119,1246,0
2023,101,19,45,45,64,164,340,671,240,272,23,223,262,32,19,148,116,1112,2
2024,101,19,64,64,86,242,414,775,246,307,43,281,363,50,40,163,145,1332,1
2025,101,19,18,18,43,115,112,218,47,55,17,83,93,16,11,69,45,400,0
2026,101,28,60,60,107,287,382,750,228,277,48,295,227,46,46,147,116,1313,0
2024,103,4,74,68,184,493,292,590,143,173,60,255,175,66,42,132,184,1279,0
2025,103,4,27,27,104,293,94,198,68,79,25,106,98,29,20,76,74,568,0
2026,103,4,47,47,147,387,192,393,155,174,53,180,159,51,39,135,132,980,0
2022,104,25,24,16,31,106,74,176,68,97,19,55,94,24,10,58,52,309,0
2024,104,7,17,0,3,15,17,39,11,17,4,9,17,1,1,7,4,54,0
2025,104,7,33,3,24,60,74,128,55,66,12,46,76,24,5,39,33,275,0
2026,104,7,54,15,32,132,215,393,178,230,26,135,206,51,13,103,83,704,0
2024,105,8,20,0,2,5,5,12,6,8,3,15,9,2,1,1,5,22,0
2024,107,29,32,11,34,115,51,103,37,41,16,86,55,13,6,47,43,241,0
2025,107,29,71,15,157,372,118,227,65,73,42,168,110,46,8,107,111,772,0
2026,107,29,61,10,113,334,158,284,121,145,44,137,98,42,6,76,112,776,0
2022,108,2,12,0,2,9,6,9,3,5,2,8,11,1,1,6,7,21,0
2025,109,14,27,1,9,32,12,35,11,14,4,14,22,9,3,13,13,62,0
2026,109,14,31,1,12,29,13,34,4,5,4,11,37,11,2,14,16,66,0
2021,110,17,70,70,95,281,227,359,120,142,104,243,50,40,103,64,149,859,0
2022,110,17,13,11,19,53,42,78,20,23,19,34,6,8,15,12,34,161,0
2023,110,17,78,78,136,364,341,535,149,190,157,363,99,37,193,107,203,1239,0
2024,110,17,79,79,148,404,218,351,110,134,117,292,127,43,189,79,191,990,0
2025,110,17,80,80,139,373,255,401,114,138,113,288,143,50,148,84,171,1041,0
2026,110,13,56,21,82,235,74,145,37,44,25,146,61,36,54,45,104,431,0
2026,111,21,33,0,5,17,14,33,4,6,11,46,18,6,4,8,21,47,0
2021,112,3,65,37,17,59,218,364,86,117,111,238,104,58,28,54,145,573,0
2022,112,3,72,45,38,94,218,412,97,128,100,245,148,77,52,56,176,647,0
2023,112,8,80,31,91,254,267,487,116,153,63,265,268,87,51,123,190,923,1
2026,112,8,64,2,39,107,149,297,71,93,75,180,140,71,15,72,156,486,0
2021,114,1,33,0,0,2,18,42,15,22,16,62,10,4,3,21,23,51,0
2024,114,1,45,2,0,4,109,183,64,96,59,134,46,25,28,44,107,282,0
2025,114,28,17,2,0,0,26,49,6,8,21,30,18,4,9,14,27,58,0
2023,115,4,46,7,26,80,54,122,60,80,20,73,54,15,6,43,48,246,0
2024,115,4,59,14,34,102,67,128,66,85,17,85,51,21,10,30,74,302,0
2025,115,25,13,0,0,4,4,10,5,6,2,1,2,1,0,4,3,13,0
2026,115,19,41,13,38,93,75,142,72,93,12,75,59,26,8,16,85,336,0
2021,116,17,70,10,154,341,96,188,47,61,11,101,45,24,1,44,77,701,0
2023,116,18,25,0,14,46,16,37,15,15,4,11,17,7,2,12,22,89,0
2025,117,30,82,57,138,407,162,341,69,85,33,308,364,54,21,141,190,807,0
2026,117,30,62,32,124,316,89,223,59,80,29,197,282,42,14,141,139,609,0
2023,118,9,10,0,4,25,1,2,2,2,2,4,4,2,0,0,6,16,0
2024,118,9,10,0,8,25,1,4,8,10,3,7,3,0,1,0,5,34,0
2021,119,26,71,71,282,721,121,271,88,104,29,305,257,63,30,130,175,1176,0
2023,119,12,80,73,288,677,187,361,106,129,67,333,225,92,26,139,156,1344,0
2025,119,10,82,22,203,549,125,237,53,64,51,213,134,69,23,91,132,912,0
2022,121,9,64,64,114,363,315,668,142,168,58,296,356,78,43,234,200,1114,2
2023,121,9,12,12,17,61,76,163,36,43,12,62,72,10,7,39,34,239,0
2024,121,9,62,62,119,335,405,832,238,274,33,235,464,56,22,212,153,1405,0
2025,121,9,70,70,149,418,535,1039,313,370,56,369,638,71,53,309,195,1830,9
2026,121,9,55,55,109,326,383,755,293,361,50,268,541,81,51,208,177,1386,3
2023,122,22,51,4,46,136,20,46,15,18,34,65,30,12,7,18,63,193,0
2024,122,22,59,13,72,193,8,13,21,26,28,56,29,15,4,16,61,253,0
2025,122,22,58,6,64,160,16,30,15,17,19,56,35,22,6,13,62,239,0
2026,122,1,12,0,6,12,1,3,3,3,4,2,2,1,1,4,8,23,0
2026,123,25,45,1,93,290,96,195,36,49,25,89,122,27,4,61,47,507,0
2021,124,4,53,3,31,125,65,131,41,64,31,110,67,37,12,33,62,264,0
2022,124,16,60,12,64,155,144,255,71,93,70,160,64,58,30,52,104,551,0
2023,124,16,71,49,84,236,170,312,91,113,88,256,117,71,31,78,145,683,0
2024,124,16,64,23,81,232,160,327,77,99,74,207,143,47,29,77,126,640,0
2026,124,7,54,12,19,52,63,126,33,57,25,108,78,39,12,36,80,216,0
2025,125,13,13,0,2,13,5,11,2,4,3,9,6,5,1,2,4,18,0
2026,125,13,43,0,12,45,32,71,33,44,13,51,25,11,3,17,18,133,0
2021,126,1,26,21,33,126,63,137,67,82,22,82,35,33,9,34,68,292,0
2024,126,14,48,26,37,110,54,124,41,54,27,72,48,47,14,31,64,260,0
2025,126,14,33,8,13,47,25,47,16,26,17,49,22,33,10,12,43,105,0
2025,127,15,25,1,19,52,15,30,19,19,12,18,34,9,1,6,23,106,0
2026,127,15,60,15,124,280,102,193,107,115,32,130,329,42,8,80,86,683,0
2022,128,3,67,2,47,174,171,329,87,105,16,145,78,33,8,55,66,570,0
2023,128,3,57,4,51,133,150,323,151,174,8,87,78,20,7,63,55,604,0
2024,128,3,66,51,144,396,382,794,286,334,28,186,192,45,16,124,138,1482,0
2025,128,3,25,23,68,195,131,259,133,151,15,68,94,15,2,62,44,599,0
2024,129,11,47,2,79,220,133,247,76,112,44,136,33,30,17,46,64,579,0
2025,129,11,51,3,65,183,114,220,54,72,36,115,49,31,13,46,44,477,0
2026,129,30,21,0,16,56,61,113,23,31,19,39,15,15,8,18,25,193,0
2021,130,24,60,11,117,335,86,148,50,59,33,166,86,37,16,40,85,573,0
2022,130,24,66,16,166,391,113,216,98,114,42,231,99,57,16,47,113,822,0
2024,130,3,58,47,138,353,138,266,86,109,55,196,138,49,15,57,105,776,0
2025,130,3,57,57,159,408,196,339,201,225,54,193,194,53,25,99,104,1070,0
2026,130,8,38,38,68,168,77,156,68,81,28,115,90,24,13,35,89,426,0
2021,133,24,60,1,73,166,118,229,50,56,16,128,217,36,16,60,97,505,0
2022,133,24,58,12,71,211,169,376,75,89,24,151,282,40,17,103,119,626,0
2023,133,24,48,15,68,185,120,268,49,64,12,94,214,33,8,81,88,493,0
2025,133,20,72,5,93,256,86,190,49,54,14,90,203,39,16,52,111,500,0
2023,135,6,74,30,127,324,193,418,130,180,53,229,287,72,24,116,170,897,0
2024,135,6,68,10,108,332,237,488,154,201,39,241,346,76,34,117,121,952,0
2026,135,9,45,0,45,136,74,149,43,63,14,65,118,40,29,61,72,326,0
2021,137,25,69,3,133,325,194,452,137,154,32,182,104,46,38,61,144,924,0
2022,137,14,69,3,149,397,170,326,132,159,62,226,68,47,52,59,166,919,0
2021,138,2,31,1,18,63,29,48,11,13,3,23,14,7,1,7,25,123,0
2026,139,27,52,0,34,102,31,72,15,22,25,92,22,11,14,20,52,179,0
2024,140,21,82,13,98,234,119,208,29,37,52,135,120,76,37,45,129,561,0
2025,140,21,68,43,74,208,158,281,30,37,71,158,173,120,35,59,145,568,0
2026,140,21,62,52,84,243,127,248,44,56,52,143,168,129,18,65,128,550,0
2021,141,12,24,0,3,13,10,30,7,9,8,12,1,1,2,1,14,36,0
2021,142,30,22,0,8,17,6,16,5,6,0,9,12,2,1,5,8,41,0
2021,144,6,59,26,99,324,120,262,76,95,38,163,174,53,9,80,119,613,0
2022,144,6,66,3,128,359,119,213,87,131,25,121,135,52,10,67,127,709,0
2023,144,6,77,2,116,312,123,218,75,108,25,151,115,35,11,52,122,669,0
2024,144,27,72,3,86,221,98,163,35,52,25,155,119,36,11,47,107,489,0
2026,145,15,50,35,75,221,167,298,110,130,65,243,141,28,21,89,97,669,0
2022,148,23,23,0,0,4,30,43,9,12,22,40,7,5,17,8,32,69,0
2023,148,27,35,2,3,8,84,127,22,37,75,118,48,16,33,41,74,199,0
2024,148,27,19,0,0,1,29,39,5,6,23,53,21,8,17,15,31,63,0
2025,148,27,36,1,0,0,68,117,21,33,56,96,17,14,30,23,50,157,0
2021,150,22,41,5,44,130,48,107,38,48,7,75,74,22,5,46,64,266,0
2026,152,9,21,0,15,45,6,12,5,5,7,12,13,5,0,2,7,62,0
2024,154,21,82,82,129,349,376,604,218,275,129,519,200,53,190,131,197,1357,0
2025,154,21,32,32,44,116,123,225,101,134,48,209,63,23,71,56,72,479,0
2026,154,21,56,56,72,202,285,445,182,232,106,400,98,30,108,90,128,968,0
2021,156,26,36,6,13,37,78,142,31,43,31,81,28,14,18,29,59,226,0
2022,156,26,60,20,57,186,146,263,71,91,34,301,60,51,32,61,93,534,0
2023,156,26,66,0,9,38,120,181,54,73,47,151,40,22,21,32,81,321,0
2021,157,28,60,14,90,235,198,325,152,193,117,287,63,35,111,46,166,818,0
2022,157,28,80,9,68,229,200,348,150,193,179,315,25,49,75,42,174,754,0
2023,157,28,76,0,62,189,199,340,128,168,157,264,29,47,64,41,143,712,0
2024,157,28,50,0,31,94,79,123,71,92,62,145,23,14,24,28,68,322,0
2025,157,28,50,0,70,193,112,177,68,87,70,154,33,24,25,29,68,502,0
2021,158,3,22,1,13,42,18,46,13,17,3,21,65,7,6,16,19,88,0
2022,158,10,34,1,17,53,7,28,2,3,9,27,65,13,0,32,32,67,0
2022,159,12,55,39,94,255,174,366,90,112,41,185,114,56,10,90,95,720,0
2023,159,12,46,12,55,174,68,159,61,72,19,96,64,25,9,41,65,362,0
2024,159,26,59,11,44,127,36,83,26,33,26,80,44,28,8,26,80,230,0
2025,159,5,17,0,6,15,6,11,6,8,5,15,9,0,0,1,7,36,0
2024,160,17,21,0,1,5,10,17,3,4,3,18,5,2,0,5,15,26,0
2025,160,17,21,1,0,8,9,19,12,16,10,25,5,5,0,6,8,30,0
2021,162,24,70,70,102,258,337,621,169,181,25,287,622,99,19,156,166,1149,1
2022,162,24,65,65,63,199,300,537,169,202,22,261,702,121,20,153,134,958,2
2023,162,24,59,59,98,261,196,407,133,160,27,224,524,91,22,114,126,819,0
2024,162,10,58,18,78,210,128,257,43,52,18,207,393,70,6,76,108,533,0
2025,162,27,82,82,140,371,109,212,85,92,33,263,605,103,22,129,151,723,0
2026,162,13,16,0,10,30,8,26,1,2,6,22,53,11,0,16,23,47,0
2026,164,21,32,0,16,51,4,9,9,10,7,21,11,4,3,2,20,65,0
2023,165,8,76,6,34,96,109,193,40,64,48,133,59,41,17,35,101,360,0
2024,165,8,82,4,63,164,159,319,93,134,79,227,132,42,35,55,137,600,0
2025,165,8,79,77,89,224,387,597,177,214,98,312,205,85,37,81,170,1218,0
2026,165,8,28,28,23,82,90,149,53,70,47,86,83,16,9,34,64,302,0
2023,166,28,58,19,1,12,71,138,37,59,84,87,31,21,57,20,128,182,0
2025,166,14,37,0,0,4,40,62,10,14,35,57,16,8,16,12,44,90,0
2021,167,11,41,41,77,206,252,434,125,198,76,319,71,34,48,80,88,860,0
2022,167,11,68,67,131,336,309,542,207,332,110,576,155,54,65,126,171,1218,0
2023,167,7,67,17,105,279,291,490,217,281,87,404,121,30,72,121,169,1114,0
2024,167,14,50,1,35,114,88,150,66,94,39,215,49,16,33,50,72,347,0
2021,169,22,45,19,49,141,86,183,30,40,42,139,101,48,22,38,48,349,0
2022,169,22,70,20,118,371,98,204,55,65,47,300,118,97,42,57,95,605,0
2023,169,22,27,8,26,86,17,36,16,21,26,70,37,19,11,17,40,128,0
2024,169,22,47,8,23,82,17,30,4,7,18,62,20,9,7,16,19,107,0
2021,170,25,30,0,7,34,18,32,11,15,11,21,10,6,3,5,27,68,0
2022,170,25,58,28,37,126,84,182,60,84,66,161,87,35,19,56,116,339,0
2021,171,25,47,47,169,420,236,464,108,133,30,155,223,44,21,65,87,1087,0
2023,171,19,75,75,211,543,376,801,183,238,55,273,429,70,38,183,153,1568,0
2024,171,19,66,66,239,557,245,498,115,139,39,247,305,62,41,110,126,1322,0
2025,171,19,56,56,171,459,273,541,124,173,42,170,227,46,24,106,124,1183,0
2021,172,1,63,63,0,0,413,695,130,227,297,606,49,44,129,73,145,956,1
2022,172,1,74,73,0,1,370,603,80,169,279,598,92,55,93,44,166,820,0
2023,172,1,65,63,0,1,350,535,79,131,258,459,58,45,79,54,139,779,0
2024,172,1,73,73,0,1,353,617,130,206,335,441,91,43,106,74,164,836,0
2025,172,1,55,41,0,1,218,389,52,97,174,295,62,34,53,47,106,488,0
2026,172,11,56,1,0,0,85,168,32,51,115,136,33,26,44,26,47,202,0
2021,173,5,69,54,163,454,212,448,128,142,28,256,328,38,15,156,179,1041,0
2022,173,5,61,17,136,353,143,291,78,91,17,165,176,29,11,70,137,772,0
2023,173,5,74,2,128,344,135,250,61,70,16,196,204,54,6,74,122,715,0
2024,173,5,79,78,209,556,332,653,218,260,44,314,405,53,18,166,186,1509,0
2025,173,5,74,73,216,584,292,537,277,307,25,248,330,69,16,177,154,1509,0
2021,174,4,52,10,16,58,67,130,25,43,52,109,86,37,12,40,52,207,0
2022,174,4,71,11,61,159,143,264,75,107,82,203,179,88,32,61,116,544,0
2024,174,4,28,22,27,86,55,129,20,33,19,90,104,32,18,44,48,211,0
2025,175,29,50,21,35,135,48,122,29,40,27,86,59,23,16,44,95,230,0
2026,175,29,50,24,19,84,107,184,32,49,47,85,57,34,21,34,87,303,0
2021,176,4,48,21,4,28,177,296,85,119,119,209,86,27,17,51,121,451,0
2022,176,25,27,0,0,4,51,86,38,49,50,75,22,8,6,19,56,140,0
2023,176,16,15,2,0,2,37,57,24,35,25,39,10,3,4,14,33,98,0
2024,176,19,43,0,1,3,25,59,23,38,48,64,39,9,5,16,45,76,0
2024,177,26,30,0,2,22,26,49,6,11,17,23,20,7,5,10,29,64,0
2021,178,22,47,34,58,172,161,380,109,131,38,183,192,30,18,106,98,605,0
2022,178,22,65,65,132,391,225,521,216,253,32,316,369,46,17,170,171,1062,0
2023,178,22,60,4,75,206,202,404,152,170,47,241,235,37,31,91,158,781,0
2024,178,22,81,0,93,275,239,488,180,218,64,247,236,64,37,126,175,937,0
2025,178,22,67,22,77,218,153,325,93,113,46,158,191,45,32,103,151,630,0
2026,178,17,35,0,22,72,76,159,16,26,16,71,121,20,11,65,73,234,0
2024,179,16,18,0,10,30,5,8,2,2,1,6,5,1,1,8,4,42,0
2024,180,14,16,0,0,0,9,16,6,6,6,6,3,2,0,3,11,24,0
2024,181,8,24,0,15,38,17,31,8,12,1,20,27,13,0,14,24,87,0
2025,181,24,33,9,39,90,29,68,19,22,22,56,78,21,5,17,30,194,0
2026,181,24,62,43,191,452,99,220,62,73,67,187,296,81,13,104,102,833,0
2026,182,28,47,22,17,48,134,223,47,72,114,119,93,44,41,51,118,366,0
2021,183,6,60,60,98,264,427,841,312,383,58,129,262,62,10,167,157,1460,0
2022,183,6,11,11,11,45,57,106,29,39,13,23,23,10,0,31,25,176,0
2023,183,29,48,15,48,122,189,346,163,199,37,68,138,27,6,85,112,685,0
2024,183,29,78,51,128,325,378,713,318,370,71,134,383,62,18,165,154,1458,0
2025,183,29,63,61,110,271,306,596,217,251,60,111,264,47,6,160,144,1159,0
2026,184,7,51,51,53,180,342,655,190,235,58,276,214,60,43,113,111,1033,0
2022,186,30,77,36,112,320,122,194,54,62,53,156,85,35,22,50,93,634,0
2023,186,30,74,45,163,384,128,201,75,88,33,174,87,32,9,55,97,820,0
2024,186,30,80,22,184,480,202,314,114,157,30,195,156,41,16,98,141,1070,0
2025,186,30,61,0,120,330,135,235,75,88,36,145,103,26,14,64,98,705,0
2022,187,9,65,39,65,157,113,243,100,113,29,145,237,42,17,85,147,521,0
2023,187,9,62,2,70,180,80,171,57,72,21,85,217,34,9,56,88,427,0
2024,187,10,26,0,13,42,10,22,4,7,6,24,42,4,3,12,25,63,0
2025,187,22,50,16,39,107,23,47,14,18,17,57,72,26,4,18,50,177,0
2024,188,6,51,6,12,34,104,194,41,56,21,88,118,21,15,45,40,285,0
2025,188,6,51,1,21,48,51,92,23,32,19,48,71,17,15,38,25,188,0
2026,188,6,55,2,29,82,73,149,20,36,75,111,183,54,32,51,63,253,0
2021,190,5,18,0,0,2,7,11,9,16,10,16,9,4,0,4,10,23,0
2021,196,18,42,26,120,310,161,342,114,149,16,95,244,45,18,112,68,796,0
2022,196,18,65,65,176,518,225,457,198,240,25,191,460,62,22,165,130,1176,0
2024,196,14,76,69,226,545,266,535,159,192,28,208,482,69,36,156,156,1369,0
2026,196,7,26,3,33,112,61,120,43,60,8,53,104,12,2,49,30,264,0
2026,198,26,15,1,16,60,20,33,15,16,17,27,17,6,4,6,23,103,0
2022,199,11,24,0,7,26,20,41,16,30,7,26,40,15,0,26,21,77,0
2023,199,11,57,7,40,140,41,97,24,36,18,80,132,31,7,86,59,226,0
2024,199,18,15,0,6,17,3,7,3,6,1,2,6,5,0,5,2,27,0
2022,201,28,64,1,13,51,70,151,26,44,38,86,99,28,10,53,68,205,0
2023,201,28,31,2,15,51,40,79,17,24,11,34,36,13,13,18,34,142,0
2025,201,25,67,7,72,222,126,285,91,125,30,105,160,43,34,86,58,559,0
2023,202,5,38,0,7,27,25,45,14,21,12,25,22,11,5,8,24,85,0
2024,202,5,59,2,17,74,52,83,25,43,29,84,81,27,18,32,81,180,0
2025,202,5,73,5,37,104,83,164,49,69,38,86,97,44,15,53,114,326,0
2025,203,14,78,16,128,340,129,217,64,84,37,179,66,24,8,37,93,706,0
2026,203,14,47,1,31,101,47,73,14,20,13,55,16,10,10,20,40,201,0
2022,204,26,56,15,10,29,165,237,94,131,75,171,69,26,47,59,130,454,0
2024,204,6,39,0,3,14,40,58,18,21,20,42,15,7,13,13,27,107,0
2021,205,25,67,67,275,704,327,630,449,484,32,251,505,62,17,203,102,1928,0
2022,205,25,29,29,92,284,130,268,159,181,13,107,212,17,11,83,37,695,0
2023,205,25,58,58,244,658,312,544,510,558,44,233,425,50,18,191,109,1866,2
2024,205,17,73,73,220,622,321,655,473,514,36,284,508,72,18,193,134,1775,0
2025,205,17,58,58,197,524,247,468,362,393,29,243,410,70,10,162,97,1447,2
2025,206,4,15,2,12,56,30,74,13,15,14,36,56,15,2,31,22,109,0
2021,207,10,57,1,77,194,51,80,40,44,22,158,73,38,8,30,89,373,0
2022,207,10,63,5,63,187,106,196,66,75,27,176,63,39,6,38,95,467,0
2023,207,24,74,5,110,247,90,205,94,104,39,186,99,30,7,78,118,604,0
2025,207,24,25,0,9,37,18,37,20,21,3,17,11,6,0,10,6,83,0
2021,208,6,46,7,46,159,73,134,24,36,5,88,91,16,4,42,42,308,0
2022,209,30,72,53,0,1,285,410,107,153,155,252,68,30,99,65,170,677,0
2023,209,30,78,47,0,0,289,395,127,187,163,270,84,33,99,85,187,705,0
2025,209,7,57,31,0,0,283,403,135,196,155,233,80,23,102,66,152,701,0
2026,209,7,45,35,0,0,147,235,80,108,97,196,44,36,59,56,117,374,0
2021,210,13,30,0,1,5,21,47,9,12,21,27,10,4,7,9,24,54,0
2025,211,19,38,9,9,37,52,92,31,37,44,120,60,18,20,25,70,162,0
2021,212,1,51,4,103,254,103,221,161,174,17,194,76,30,10,43,105,676,0
2022,212,1,66,18,112,294,147,303,141,156,35,273,101,28,12,38,93,771,0
2026,213,9,53,8,46,128,99,232,67,88,31,63,156,45,7,68,75,403,0
2021,214,23,69,69,175,432,49,112,31,40,55,205,118,92,56,67,125,654,0
2022,214,23,62,28,103,271,23,49,11,14,32,125,64,60,37,45,105,366,0
2026,215,3,49,8,57,178,96,195,64,83,51,176,111,27,26,59,104,427,0
2024,216,7,55,17,53,108,108,194,53,68,25,124,157,22,5,49,85,428,0
2025,216,7,20,13,23,53,41,81,23,31,4,29,56,12,3,22,34,174,0
2021,217,11,36,23,54,156,56,116,41,63,18,114,69,20,16,36,67,315,0
2023,217,23,56,5,37,110,56,87,45,60,9,85,44,14,9,26,69,268,0
2024,217,23,34,4,15,50,32,55,35,46,16,42,28,15,5,19,45,144,0
2024,218,20,17,0,2,10,4,7,0,2,0,5,5,0,1,3,2,14,0
2025,218,4,47,20,55,164,63,127,24,30,37,98,53,26,25,35,99,315,0
2021,219,24,50,4,47,135,106,207,84,99,46,144,65,30,4,57,95,437,0
2024,219,10,64,9,74,197,107,191,79,93,73,210,144,31,10,78,112,515,0
2025,219,8,16,4,7,26,14,32,7,10,14,36,23,7,1,15,19,56,0
2025,220,3,20,0,33,74,6,22,3,5,4,25,12,6,1,15,22,114,0
2021,221,21,55,55,83,286,190,404,125,178,51,345,99,29,25,122,60,754,0
2022,221,21,69,53,80,269,194,380,117,170,71,365,97,58,70,90,68,745,0
2021,224,6,54,50,105,266,257,536,112,132,23,106,329,66,6,164,110,941,0
2022,224,6,68,68,174,454,368,719,215,241,39,185,583,89,7,248,115,1473,1
2023,224,6,69,69,169,412,353,717,277,321,28,157,538,85,9,199,148,1490,0
2024,224,6,57,57,132,356,243,485,146,175,30,122,373,74,7,176,95,1028,0
2025,224,6,75,75,212,529,342,645,224,255,47,167,506,91,11,189,143,1544,0
2021,225,21,18,0,17,42,5,6,12,12,2,22,21,13,5,8,13,73,0
2026,226,8,19,6,18,41,10,15,9,11,6,23,16,0,4,8,17,83,0
2022,229,3,22,7,9,37,30,71,17,21,30,37,17,14,7,9,36,104,0
2023,229,3,23,0,1,12,35,66,12,17,11,18,21,10,1,18,31,85,0
2026,231,27,11,0,3,5,10,20,3,6,4,9,18,6,1,5,6,32,0
2021,232,11,30,9,17,63,89,155,47,68,40,78,31,30,21,17,60,276,0
2022,232,11,46,4,15,49,70,127,48,67,41,110,35,28,20,21,55,233,0
2023,233,15,70,4,65,212,115,208,41,65,50,143,59,29,19,57,107,466,0
2022,234,26,75,19,101,320,251,523,56,85,33,133,313,55,24,114,141,861,0
2023,234,26,80,9,63,197,118,202,25,31,16,89,185,44,15,62,112,450,0
2024,234,26,72,4,57,158,89,165,30,42,19,76,134,17,3,43,85,379,0
2026,234,16,53,53,66,156,117,232,35,53,20,116,361,56,9,83,142,467,0
2021,235,30,57,7,169,428,24,50,100,115,18,150,49,33,13,33,136,655,0
2023,235,7,45,1,55,141,14,19,13,15,10,43,21,11,8,10,53,206,0
2022,236,8,48,5,37,86,44,75,10,15,14,94,53,24,9,16,63,209,0
2022,237,3,32,8,2,7,84,142,24,41,81,79,17,10,15,30,60,198,0
2023,237,3,48,3,6,11,87,160,35,55,99,101,37,15,32,42,89,227,0
2024,237,3,61,1,4,15,164,279,75,123,161,228,85,24,44,70,131,415,0
2025,237,3,50,2,11,45,154,272,56,74,149,181,91,41,42,63,113,397,0
2026,237,3,61,7,8,38,198,307,101,150,168,240,143,65,25,104,144,521,0
2021,238,26,58,58,103,320,426,790,300,417,33,170,417,87,27,174,170,1461,0
2022,238,26,59,59,74,249,442,843,261,348,25,206,330,68,25,168,172,1367,0
2023,238,26,73,73,119,367,563,964,343,440,40,266,447,83,23,181,172,1826,0
2024,238,26,74,74,214,580,506,969,312,423,67,273,418,150,31,194,193,1966,0
2026,238,27,54,54,104,304,279,488,147,192,28,175,334,67,14,125,119,1017,0
2021,239,1,23,19,31,95,89,153,73,85,17,93,44,19,12,29,59,344,0
2022,239,1,53,52,74,195,180,380,127,166,26,150,68,36,21,69,155,709,0
2023,239,1,67,67,100,286,279,536,171,207,46,238,94,35,17,82,199,1029,0
2024,239,1,57,37,117,304,187,359,166,196,31,191,87,40,16,83,146,891,0
2021,240,15,52,1,87,211,85,182,41,51,30,131,132,60,31,66,85,472,0
2022,240,15,73,15,139,372,142,323,90,120,64,264,194,104,39,112,128,791,0
2023,240,23,77,58,157,403,120,248,69,87,69,243,197,126,41,102,191,780,0
2024,240,23,38,33,77,214,62,146,66,79,28,113,114,60,16,39,84,421,0
2026,240,10,34,10,51,175,104,200,72,89,21,79,80,54,14,57,76,433,0
2021,241,6,63,19,78,213,56,98,30,39,38,177,74,35,21,30,78,376,0
2022,241,6,51,28,51,142,48,75,20,30,31,119,52,29,7,16,88,269,0
2023,241,6,44,13,45,127,28,50,15,23,20,130,37,28,21,17,89,206,0
2024,241,6,54,32,79,202,17,30,20,26,37,181,43,40,25,20,93,291,0
2025,241,6,59,30,80,222,32,49,16,30,51,198,76,42,20,22,101,320,0
2026,241,6,48,27,59,164,37,61,27,38,41,161,76,39,20,14,74,278,0
2021,242,24,69,69,4,20,426,667,133,173,228,499,99,41,81,103,196,997,0
2022,242,24,58,58,7,19,435,678,106,142,149,444,84,40,40,91,142,997,0
2023,242,24,67,67,7,24,515,863,152,200,172,495,115,37,53,120,190,1203,0
2024,242,25,55,55,1,10,426,739,65,79,176,433,90,56,42,99,109,920,0
2025,242,25,40,40,6,32,259,436,40,60,124,282,64,31,39,69,88,576,0
2026,242,14,54,54,0,0,308,462,62,94,130,314,46,34,49,70,122,678,0
2021,243,3,57,43,0,1,190,248,46,92,117,310,93,17,65,85,116,426,0
2023,243,8,39,8,1,1,87,114,22,48,52,150,34,12,23,48,71,199,0
2024,243,8,36,2,0,0,58,93,26,53,54,103,26,6,16,23,56,142,0
2025,243,8,56,5,0,0,91,140,27,64,84,200,53,16,27,40,74,209,0
2021,244,28,51,12,14,53,103,175,45,66,33,113,107,53,18,71,87,293,0
2021,245,9,20,0,10,28,4,12,3,6,0,29,5,2,0,5,9,41,0
2021,247,27,67,67,63,199,378,775,106,134,58,415,363,101,7,117,135,1051,4
2022,247,27,68,68,96,294,477,947,196,247,80,483,627,138,23,180,138,1438,13
2023,247,1,74,74,133,387,479,932,158,190,53,336,448,112,19,160,106,1515,1
2024,247,1,78,78,201,554,471,909,208,262,62,354,502,111,24,201,138,1753,1
2025,247,19,31,31,52,174,142,320,102,124,17,183,228,63,12,106,61,542,1
2022,248,1,77,8,44,116,78,153,54,63,50,170,188,93,19,45,56,342,0
2023,248,30,50,14,41,119,97,172,52,60,58,122,194,92,17,44,59,369,0
2021,249,27,61,61,19,74,436,846,387,440,40,219,422,56,15,119,128,1316,0
2022,249,5,76,76,50,142,724,1393,520,593,56,336,374,68,24,181,178,2118,0
2023,249,5,74,74,46,142,611,1161,456,523,34,309,377,83,36,153,186,1816,0
2024,249,5,79,79,75,225,575,1130,522,612,43,297,421,90,45,135,161,1897,0
2025,249,26,77,77,84,256,540,1052,378,441,50,248,342,62,32,105,150,1710,0
2026,249,26,64,64,42,129,362,699,312,362,28,166,249,71,18,70,125,1162,0
2021,251,30,54,32,53,168,77,144,29,45,22,240,63,32,15,33,140,342,0
2022,251,30,82,8,82,259,168,320,103,136,52,373,167,59,44,87,190,685,0
2023,251,30,76,40,69,232,184,347,122,165,74,413,211,65,29,123,209,697,0
2024,251,30,75,75,88,235,318,568,202,273,84,456,286,60,36,160,185,1102,0
2025,251,25,72,54,125,342,277,502,290,372,110,412,281,71,35,196,171,1219,2
2026,251,25,48,48,102,299,257,476,353,441,53,285,318,38,28,184,126,1173,3
2021,252,14,61,61,71,212,261,548,206,243,30,181,351,70,13,163,159,941,0
2023,252,14,66,50,74,225,196,425,216,252,21,144,298,50,10,112,145,830,0
2022,253,25,37,4,6,27,73,162,42,64,20,68,132,45,12,51,52,206,0
2023,253,4,54,15,24,111,162,341,78,106,27,140,261,75,25,82,122,474,0
2024,253,3,56,2,32,109,115,229,43,58,50,114,203,68,12,68,121,369,0
2021,254,5,62,3,80,242,75,174,16,17,24,173,105,30,7,42,70,406,0
2024,256,7,55,42,0,2,221,294,41,81,135,243,60,36,77,50,144,483,0
2025,256,7,36,29,0,0,134,191,46,73,104,166,85,20,56,41,100,314,0
2026,258,19,64,45,16,63,272,533,167,213,109,346,250,62,57,151,179,759,2
2021,259,29,68,0,0,2,155,241,59,80,138,238,44,32,68,36,143,369,0
2022,259,21,39,18,2,16,92,166,16,25,58,126,25,17,12,9,62,206,0
2021,260,25,58,43,43,136,104,168,59,91,77,128,47,37,54,32,127,396,0
2022,260,5,51,8,20,61,85,134,56,70,60,109,30,25,33,30,105,286,0
2023,260,5,64,0,27,80,88,150,62,84,60,93,34,29,37,25,86,319,0
2024,260,7,76,66,82,239,157,256,97,136,82,168,75,53,51,65,121,657,0
2025,260,13,77,55,78,219,232,370,83,118,93,170,60,79,33,66,153,781,0
2026,260,13,31,26,38,106,89,140,52,67,32,56,38,26,32,25,66,344,0
2022,261,20,26,4,37,92,85,182,30,31,21,57,103,22,12,39,15,311,0
2023,261,20,27,0,19,63,42,96,11,12,8,32,46,7,5,22,18,152,0
2024,261,15,24,7,15,41,61,124,24,27,7,38,78,8,2,31,21,191,0
2021,263,27,36,32,84,243,102,210,97,114,13,94,127,26,36,45,91,553,0
2023,263,2,82,70,149,391,201,367,168,192,52,241,321,54,76,95,177,1017,0
2024,263,2,73,73,196,495,191,344,137,152,51,259,377,74,87,112,152,1107,1
2025,263,2,76,76,265,691,159,268,135,161,67,274,361,72,80,131,138,1248,0
2026,263,2,61,61,177,537,189,393,151,167,66,202,348,73,90,109,92,1060,0
2021,264,15,68,17,117,271,117,228,40,49,31,179,118,41,16,59,125,625,0
2022,264,15,76,76,228,523,280,578,140,155,46,288,208,92,29,111,196,1384,0
2023,264,15,58,58,166,407,284,532,181,205,43,248,254,56,22,126,150,1247,0
2024,264,15,42,42,137,360,223,416,140,161,36,149,230,43,22,112,120,997,0
2025,264,15,69,68,164,418,329,600,177,198,62,356,369,80,28,169,164,1327,1
2026,264,22,62,62,127,328,328,607,228,248,77,182,255,59,29,126,193,1265,0
2021,265,24,67,67,126,371,497,916,340,392,34,247,289,53,16,207,181,1712,0
2022,265,24,68,68,183,478,479,943,315,363,45,297,329,77,26,162,180,1822,0
2023,265,24,53,53,111,316,416,751,306,358,46,194,293,51,18,145,159,1471,0
2024,265,24,68,68,152,418,490,887,405,457,56,252,472,61,28,178,206,1841,0
2025,265,24,75,75,183,551,471,869,432,483,76,229,529,67,16,220,198,1923,0
2026,265,24,47,47,85,268,298,581,313,362,38,148,282,43,13,155,123,1164,0
2025,267,26,36,0,18,61,29,66,26,44,19,57,41,21,4,18,39,138,0
2026,267,26,25,2,9,58,46,89,37,47,20,41,51,20,5,27,28,156,0
2021,268,27,62,7,52,150,71,153,43,51,24,150,56,43,18,22,88,341,0
2022,268,27,71,32,137,380,189,384,83,99,44,262,136,76,41,58,143,872,0
2023,268,27,38,32,103,266,158,329,78,100,8,140,136,43,17,57,57,703,0
2024,268,27,68,62,166,446,332,610,161,201,27,234,277,73,23,108,74,1323,0
2025,268,27,64,53,158,429,236,460,95,120,34,221,183,84,33,88,108,1041,0
2026,268,27,50,48,128,332,131,255,74,91,28,168,121,42,21,48,83,720,0
2021,269,5,11,0,1,7,10,14,0,0,2,3,7,4,0,0,3,23,0
2022,269,5,11,0,2,9,9,14,5,9,1,8,15,1,0,5,11,29,0
2021,270,14,20,1,0,0,17,29,5,11,12,20,1,5,4,5,8,39,0
2022,270,27,15,0,0,0,21,31,4,7,8,34,6,8,7,3,16,46,0
2021,271,4,55,44,179,477,73,192,133,158,22,126,295,48,6,84,77,816,0
2022,271,19,76,63,192,563,104,252,118,140,37,140,316,71,12,105,95,902,0
2024,271,27,23,0,25,83,13,25,13,16,5,31,49,9,2,17,14,114,0
2021,272,16,16,0,1,5,45,60,20,27,28,58,12,9,6,13,36,113,0
2022,272,16,67,15,19,47,145,243,75,100,105,281,47,24,42,70,174,422,0
2021,275,15,67,67,128,372,304,659,159,195,53,143,157,78,26,119,237,1151,0
2022,275,15,32,31,46,149,181,377,90,106,29,73,88,36,8,50,105,590,0
2023,275,15,73,73,143,439,249,552,120,154,45,199,189,65,16,104,240,1047,0
2024,275,11,72,72,133,370,196,398,124,147,53,193,119,64,10,88,241,915,0
2025,275,11,75,75,186,469,198,426,99,121,75,200,128,60,16,76,242,1053,0
2026,275,24,50,50,117,341,266,530,161,188,39,144,88,52,8,89,166,1044,0
2025,276,21,54,3,16,63,35,70,17,28,30,91,58,16,4,28,54,135,0
2021,278,12,62,62,52,162,432,742,240,328,150,592,415,76,33,213,203,1260,9
2023,278,26,79,79,31,83,546,855,325,438,251,722,573,65,39,230,279,1510,14
2024,278,26,82,82,33,87,601,981,292,415,294,826,673,74,48,272,250,1593,26
2025,278,26,70,70,65,156,462,737,218,289,267,705,423,48,26,202,229,1337,10
2026,278,26,19,15,5,27,115,194,56,77,64,152,78,18,4,51,66,301,0
2023,279,27,28,0,0,4,46,82,18,25,46,56,24,10,19,15,56,110,0
2024,279,27,33,1,3,9,53,104,29,42,45,68,36,12,14,9,47,144,0
2025,279,1,35,4,7,27,53,86,21,33,35,50,19,9,16,5,47,148,0
2026,279,23,52,45,19,67,146,242,70,95,104,140,60,50,34,41,106,419,0
2025,280,25,67,37,14,49,166,285,62,104,217,310,77,34,110,72,189,436,0
2026,280,25,59,59,63,187,205,323,101,154,272,408,125,30,88,70,135,700,0
2021,281,29,53,53,178,461,300,630,267,316,50,185,277,52,15,147,117,1401,0
2022,281,29,67,67,232,654,385,722,267,313,55,227,358,99,12,200,164,1733,0
2023,281,6,68,68,245,635,434,767,319,368,63,226,301,99,27,180,168,1922,0
2024,281,6,55,55,182,494,321,595,275,318,46,234,333,101,30,154,118,1463,0
2025,281,6,71,71,233,633,352,687,298,362,57,265,354,95,17,149,140,1701,0
2026,281,6,55,55,191,517,355,614,287,337,41,206,320,86,15,170,132,1570,0
2021,283,22,13,0,0,0,25,35,23,34,24,38,11,5,10,8,18,73,0
2021,284,17,66,66,131,346,122,257,51,71,81,299,203,72,15,91,112,688,0
2023,284,10,72,36,150,378,85,162,58,71,80,245,252,97,10,112,133,678,0
2024,284,20,81,63,283,705,162,299,86,114,63,234,216,107,36,113,166,1259,0
2025,284,18,62,10,174,438,76,155,49,63,32,196,225,73,17,99,114,723,0
2026,284,18,64,64,196,503,78,152,69,90,60,220,271,90,25,94,159,813,0
2021,285,7,60,60,119,302,101,164,31,41,98,228,102,52,25,48,138,590,0
2022,285,7,80,80,172,435,154,257,56,83,122,253,150,88,39,80,183,880,0
2024,285,3,68,56,117,336,98,175,33,46,109,208,107,56,38,59,150,580,0
2026,285,11,27,0,19,74,11,23,5,5,25,47,20,11,4,16,52,84,0
2021,286,12,66,29,111,286,243,379,80,98,60,161,85,20,6,53,117,899,0
2022,286,27,51,51,108,256,107,209,40,51,18,97,64,13,6,43,79,578,0
2023,286,27,64,0,123,298,116,225,53,70,23,116,91,13,6,58,118,654,0
2025,286,26,42,3,44,101,6,16,3,5,3,19,7,4,2,6,30,147,0
2026,286,26,13,0,16,41,1,2,2,2,1,9,4,3,1,6,8,52,0
2026,288,3,47,9,33,117,64,112,53,59,15,64,70,24,7,47,65,280,0
2021,289,10,63,63,34,126,136,254,70,88,55,393,558,105,52,188,194,444,6
2022,289,10,46,44,16,54,119,203,60,91,45,291,320,61,50,139,136,346,1
2023,289,10,73,73,40,131,210,343,77,108,66,459,500,74,60,204,229,617,0
2024,289,10,55,52,51,129,134,243,54,74,76,322,332,55,47,135,166,475,1
2025,289,10,68,66,80,246,136,263,101,147,74,340,383,99,70,174,219,613,1
2026,289,10,52,52,78,241,84,149,43,61,40,250,271,43,31,140,152,445,0
2021,290,27,54,3,2,2,114,203,77,106,74,167,42,18,49,45,88,311,0
2023,290,25,78,28,7,18,207,316,83,125,132,286,103,40,102,67,169,518,0
2024,290,24,75,6,3,3,149,250,72,93,103,219,63,27,61,61,115,379,0
2026,290,26,39,11,1,7,87,139,29,51,37,76,16,14,23,28,51,206,0
2025,291,2,25,1,13,33,4,8,7,9,9,31,13,5,2,8,18,54,0
2026,292,14,19,0,7,17,21,31,4,7,8,17,16,5,0,7,11,67,0
2025,293,16,14,1,16,30,15,31,9,12,12,24,23,21,6,17,30,87,0
2026,293,16,61,1,37,120,83,174,82,99,55,101,159,91,19,48,93,359,0
2022,294,12,48,7,81,215,92,212,46,61,4,79,85,26,3,57,66,473,0
2023,294,24,31,3,40,111,54,145,16,24,2,34,63,6,4,34,23,244,0
2021,295,16,72,72,250,613,65,104,62,75,7,243,127,43,20,81,181,942,0
2022,295,16,79,68,232,624,58,102,51,61,24,179,129,42,14,60,201,863,0
2023,295,16,42,1,63,192,25,45,29,32,8,61,46,14,0,28,77,268,0
2024,295,16,68,36,187,473,117,202,80,90,15,158,192,46,16,95,163,875,0
2025,295,16,74,37,190,483,100,180,47,53,18,149,176,40,6,86,135,817,0
2026,295,9,60,60,172,434,68,119,70,91,23,134,117,37,20,42,132,722,0
2024,296,25,68,20,88,245,142,254,69,93,93,157,67,33,38,52,161,617,0
2025,296,25,46,0,34,106,36,60,20,22,44,48,26,12,14,16,41,194,0
2026,296,25,32,0,23,55,10,19,5,6,10,28,10,5,8,7,28,94,0
2021,297,22,72,50,59,207,233,519,145,176,31,193,93,45,5,46,103,788,0
2021,298,23,69,6,5,20,173,283,121,210,190,390,61,30,62,112,200,482,0
2022,298,14,60,27,8,15,126,204,96,146,118,238,35,34,36,47,115,372,0
2021,299,7,58,19,5,21,115,173,97,124,80,154,63,36,30,40,135,342,0
2022,299,7,82,71,13,37,256,364,166,212,173,231,97,37,39,64,220,717,0
2023,299,7,76,64,0,5,197,264,112,168,149,165,69,48,26,65,209,506,0
2024,299,7,63,9,1,3,71,103,63,89,97,117,84,26,20,32,113,208,0
2025,299,7,55,3,2,5,40,56,28,43,47,71,55,18,21,18,75,114,0
2026,299,7,47,8,1,3,48,72,55,82,67,112,44,23,17,28,92,154,0
2026,300,26,29,1,0,1,67,111,22,40,91,132,36,22,47,24,108,156,0
2026,301,27,52,0,35,129,196,351,77,105,35,135,192,46,16,75,96,574,0
2021,302,6,31,0,26,77,31,53,21,27,20,87,33,19,12,32,37,161,0
2022,302,6,50,0,21,70,16,28,15,18,21,68,34,14,3,16,47,110,0
2023,303,19,59,11,27,86,60,122,26,40,36,152,134,43,11,57,99,227,0
2024,303,19,61,16,42,135,97,176,34,53,62,174,164,85,25,59,101,354,0
2025,303,1,76,76,80,235,375,688,83,140,124,325,333,229,55,155,175,1073,0
2026,303,1,61,61,12,89,303,533,58,97,136,267,372,115,26,112,131,700,1
2025,305,5,12,0,3,10,5,5,2,2,3,6,3,1,1,2,11,21,0
2026,305,3,10,0,4,11,4,6,2,3,3,8,0,1,0,0,4,22,0
2021,306,24,27,1,11,35,44,86,12,14,14,31,40,15,5,23,32,133,0
2021,307,18,23,7,0,0,19,44,10,12,46,69,21,13,13,7,56,48,0
2022,307,6,31,3,0,0,11,16,6,14,14,50,7,3,9,5,33,28,0
2021,308,12,53,24,35,88,113,194,68,83,18,76,49,33,10,51,88,399,0
2023,308,3,53,12,31,87,93,182,99,108,13,66,68,31,10,50,83,378,0
2026,309,3,52,45,124,322,55,127,54,65,21,144,173,42,17,86,93,536,0
2021,310,20,63,63,28,98,241,524,73,107,64,152,203,47,9,103,116,639,0
2022,310,24,50,1,4,18,63,157,12,32,21,67,99,25,6,47,38,150,0
2025,312,29,10,0,7,25,4,10,3,6,9,12,8,10,1,3,18,32,0
2026,312,29,15,2,6,27,10,23,16,21,4,16,28,13,1,8,28,54,0
2021,313,29,18,0,8,23,2,7,3,4,1,8,6,1,1,6,1,31,0
2024,317,6,15,0,10,33,5,16,1,4,1,13,10,1,2,8,5,41,0
2025,317,6,10,0,11,30,2,8,0,0,0,7,8,1,1,2,4,37,0
2021,318,25,72,35,1,4,338,557,127,164,284,511,84,33,48,78,168,806,0
2022,318,2,35,1,2,5,49,92,24,28,61,99,8,5,14,20,42,128,0
2025,319,12,22,1,1,10,15,27,13,19,11,19,9,3,3,6,21,46,0
2021,320,19,71,70,121,355,186,375,134,195,29,215,268,55,24,114,112,869,0
2022,320,13,54,29,51,163,146,305,89,117,28,154,225,69,19,116,85,534,0
2021,321,11,27,13,69,210,90,157,94,114,8,50,71,14,13,51,44,481,0
2022,321,11,57,46,124,301,144,263,105,135,15,98,154,28,18,107,63,765,0
2024,321,24,68,24,150,397,124,221,51,64,16,106,139,66,30,73,79,749,0
2025,321,23,39,13,56,137,31,67,36,48,8,38,65,26,12,28,32,266,0
2021,323,10,40,2,18,54,130,244,67,94,28,100,51,12,7,43,68,381,0
2022,323,29,58,3,40,108,74,127,66,86,30,76,36,9,5,27,51,334,0
2021,324,29,17,1,18,41,3,13,5,5,7,22,4,10,3,8,29,65,0
2026,325,12,23,5,21,68,19,41,11,16,11,31,33,14,6,14,44,112,0
2024,326,30,43,0,13,46,68,121,32,49,35,50,35,27,5,21,62,207,0
2022,327,20,80,80,241,619,161,346,80,113,34,176,171,79,20,105,180,1125,0
2023,327,20,27,7,35,114,21,52,18,21,4,45,36,16,3,22,46,165,0
2022,328,6,69,69,23,92,399,738,167,252,143,427,174,56,115,133,147,1034,0
2023,328,6,79,79,22,102,503,845,205,304,187,524,224,60,119,146,218,1277,0
2024,328,6,50,50,22,59,298,493,123,171,111,357,160,45,72,90,134,785,0
2025,328,6,71,71,85,230,420,676,221,305,164,495,226,61,113,145,141,1316,0
2026,328,6,48,46,56,178,270,453,139,220,105,311,181,42,88,95,120,847,0
2021,329,8,65,19,76,216,44,99,80,91,22,112,232,79,14,73,132,396,0
2022,329,8,65,4,58,193,49,103,60,78,23,94,220,63,23,67,124,332,0
2021,332,9,40,6,61,150,73,143,61,75,15,71,36,15,1,34,53,390,0
2022,332,9,53,7,86,279,108,204,86,104,19,68,55,27,9,38,89,560,0
2021,333,24,47,13,31,85,90,172,37,60,36,152,79,14,17,22,70,310,0
2021,335,20,33,4,23,48,6,31,8,18,6,25,19,18,4,11,45,89,0
2022,335,7,58,5,38,111,51,112,24,25,12,67,69,27,7,31,61,240,0
2023,335,7,47,5,17,67,31,65,22,33,7,55,58,16,7,29,65,135,0
2022,336,22,79,79,96,271,360,704,189,219,84,272,231,68,34,119,164,1197,0
2023,336,22,80,80,130,360,412,758,271,322,70,259,283,77,17,167,183,1485,0
2024,336,22,72,72,94,334,434,762,271,319,72,309,269,76,28,137,168,1421,0
2025,336,22,60,60,104,352,433,809,271,311,56,286,284,75,21,138,147,1449,0
2026,336,22,28,26,42,115,163,313,144,174,41,120,101,30,9,48,63,596,0
2021,337,28,52,52,174,476,164,394,169,191,32,188,328,87,37,95,119,1019,0
2022,337,28,65,65,242,642,200,455,194,222,44,245,434,111,35,170,162,1320,1
2023,337,28,69,69,207,606,230,506,254,283,30,250,495,123,38,140,193,1335,1
2024,337,11,73,73,227,586,196,432,197,229,33,245,589,101,59,126,183,1270,0
2025,337,11,60,60,159,461,128,298,111,137,32,189,333,94,25,87,140,844,0
2021,338,28,20,2,0,0,44,84,23,33,42,55,9,13,20,12,43,111,0
2021,339,23,55,11,101,269,69,155,60,82,17,96,82,49,9,46,64,501,0
2022,339,23,67,19,77,266,105,204,68,84,22,153,127,33,9,48,58,509,0
2023,339,23,37,0,18,46,30,65,26,36,6,36,22,10,3,24,18,140,0
2024,339,23,35,0,14,40,16,36,14,20,4,26,25,14,3,10,17,88,0
2021,340,16,50,7,46,149,42,84,20,23,10,46,67,21,2,34,79,242,0
2022,340,16,68,27,119,323,95,190,44,54,22,104,210,62,12,98,158,591,0
2023,340,16,68,34,117,350,111,217,68,78,27,118,167,62,5,92,154,641,0
2024,340,14,11,0,3,28,12,21,1,2,4,5,21,9,0,5,19,34,0
2025,340,14,72,11,109,309,59,111,15,21,20,72,98,51,13,41,152,460,0
2021,342,21,10,0,2,15,30,52,18,22,16,24,24,8,0,6,9,84,0
2021,344,5,56,25,67,200,91,181,40,50,29,131,124,43,30,58,126,423,0
2022,344,19,59,16,59,185,52,110,28,41,29,114,74,43,23,42,81,309,0
2023,344,19,25,0,11,26,7,19,3,4,5,12,13,9,2,4,15,50,0
2024,344,28,27,2,12,40,17,38,18,22,18,27,28,12,3,14,28,88,0
2025,344,28,28,0,6,28,12,32,11,12,9,20,31,17,2,10,23,53,0
2026,344,28,14,0,1,5,0,2,1,2,0,4,4,3,1,3,3,4,0
2021,345,30,64,24,76,198,21,39,84,95,16,71,26,29,7,10,106,354,0
2022,345,11,65,33,139,386,45,75,143,180,32,158,64,57,24,41,168,650,0
2024,345,1,66,5,85,193,18,33,34,42,17,75,37,20,8,19,115,325,0
2025,345,1,47,2,85,218,17,39,64,78,13,74,60,26,15,31,81,353,0
2026,345,12,15,1,17,46,4,6,19,23,2,15,10,6,3,3,19,78,0
2022,346,19,38,1,28,70,5,18,7,10,23,67,18,13,7,10,20,101,0
2022,347,22,61,30,116,302,124,251,83,95,36,86,108,59,9,61,112,679,0
2023,347,22,48,42,94,218,44,89,27,30,21,77,59,45,12,28,93,397,0
2024,347,22,54,27,76,205,55,92,34,45,24,67,87,49,14,31,91,372,0
2025,347,22,48,3,36,101,15,32,7,12,20,44,30,26,12,17,45,145,0
2026,347,17,42,2,22,54,15,29,8,9,13,43,44,23,7,16,44,104,0
2021,348,10,10,0,2,4,8,9,3,4,2,9,1,6,1,1,8,25,0
2022,348,10,71,16,43,120,169,224,35,58,72,175,64,96,22,40,131,502,0
2024,348,10,44,0,20,55,83,128,14,23,46,67,48,39,18,27,77,240,0
2025,348,10,62,11,31,95,140,203,27,38,53,132,83,52,17,39,108,400,0
2026,348,10,56,1,30,98,118,178,8,16,71,112,90,40,17,52,92,334,0
2022,349,28,70,69,209,545,241,541,174,204,26,165,141,122,19,73,144,1283,0
2023,349,28,66,44,166,450,239,485,172,205,30,143,106,104,14,55,102,1148,0
2024,349,28,71,41,178,453,183,394,74,96,25,163,119,77,10,47,96,974,0
2025,349,17,74,9,180,433,103,224,78,92,20,148,87,72,4,42,124,824,0
2026,349,17,54,17,96,266,42,96,34,43,6,48,69,28,3,29,66,406,0
2022,350,17,54,17,41,134,77,141,57,62,38,117,120,42,6,41,70,334,0
2021,352,29,72,10,124,292,53,113,22,23,28,148,59,25,8,51,116,500,0
2022,352,23,76,7,156,387,90,176,52,59,25,178,102,30,13,59,190,700,0
2023,352,23,78,1,154,384,68,118,39,45,19,166,77,30,14,54,145,637,0
2024,352,6,82,10,149,396,135,236,51,60,22,256,98,30,18,72,192,768,0
2024,354,15,48,18,102,286,139,277,115,153,53,143,59,28,24,65,64,699,0
2025,354,15,29,3,32,95,42,104,29,40,27,65,29,12,5,31,30,209,0
2026,354,15,42,16,46,132,123,204,69,96,35,145,56,28,34,57,60,453,0
2021,355,17,61,61,67,221,559,879,398,581,97,574,357,72,73,207,168,1717,7
2022,355,17,67,67,71,242,618,1003,553,766,134,644,388,72,91,219,212,2002,4
2023,355,17,63,63,47,171,660,1107,498,772,137,605,359,52,51,246,197,1959,6
2024,355,17,73,73,34,124,803,1245,514,782,196,645,476,87,79,250,210,2222,10
2025,355,17,67,67,14,63,779,1256,436,707,147,651,433,58,78,206,155,2036,11
2026,355,17,33,33,15,42,325,492,214,328,90,236,182,32,23,107,80,909,0
2021,356,26,23,2,16,44,26,55,21,23,11,34,20,4,3,11,23,121,0
2021,357,12,45,3,20,79,63,115,45,61,60,90,37,9,60,17,94,231,0
2022,357,12,50,16,23,80,108,172,64,94,79,98,55,21,42,46,107,349,0
2024,357,22,62,33,2,14,124,195,57,87,109,177,79,32,72,44,107,311,0
2025,357,22,70,42,3,28,204,311,85,133,167,296,137,49,98,72,150,502,0
2026,357,22,46,2,2,10,110,151,45,63,94,135,54,30,51,24,96,271,0
2021,358,16,50,11,91,244,149,311,101,122,25,144,219,33,8,118,113,672,0
2021,359,4,44,44,85,205,226,453,156,185,37,221,181,52,14,91,74,863,0
2022,359,4,49,48,86,220,197,397,126,149,38,186,177,47,22,81,85,778,0
2023,359,4,50,50,52,160,224,421,129,159,33,182,206,42,12,99,70,733,0
2022,360,1,44,3,29,68,24,44,19,26,32,89,34,11,13,20,52,154,0
2023,360,27,31,1,21,75,24,42,10,13,27,80,53,4,14,32,57,121,0
2024,361,28,60,17,88,241,101,204,44,51,27,105,68,34,2,50,87,510,0
2025,361,28,54,54,114,326,151,321,133,155,44,149,98,48,10,83,120,777,0
2026,361,28,60,1,48,157,80,152,66,75,38,92,39,39,6,35,84,370,0
2021,363,2,63,9,48,129,60,118,30,51,48,130,64,32,24,56,161,294,0
2022,363,2,77,21,106,258,99,174,86,95,64,210,78,38,57,62,186,602,0
2023,363,2,79,23,115,291,101,185,94,122,87,276,131,41,31,82,192,641,0
2025,363,4,16,7,27,74,27,49,31,37,18,64,37,18,13,28,46,166,0
2026,363,4,21,3,31,82,18,32,30,36,30,60,40,8,7,16,34,159,0
2021,364,15,50,38,107,274,66,140,79,91,19,141,108,46,8,48,71,532,0
2022,364,17,66,61,159,389,96,180,64,74,32,190,100,46,18,43,96,733,0
2023,364,17,72,70,146,366,99,191,114,126,61,176,163,62,14,72,117,750,0
2024,364,24,75,74,205,445,135,237,129,147,48,247,227,69,45,95,157,1014,0
2025,364,24,64,7,149,350,70,139,93,114,34,160,137,54,19,75,95,680,0
2026,364,24,41,26,139,392,93,181,113,130,29,95,171,60,12,70,89,716,0
2022,365,25,48,6,19,61,62,129,44,65,38,97,35,26,24,36,90,225,0
2023,365,25,16,0,1,7,10,21,5,12,2,17,3,4,5,6,13,28,0
2025,368,23,70,43,104,274,178,289,100,138,134,261,148,58,24,87,164,768,0
2024,369,10,23,0,10,27,18,28,16,17,17,32,14,4,2,7,23,82,0
2025,369,10,56,2,34,103,48,76,29,42,72,100,80,25,10,42,91,227,0
2026,369,10,52,16,51,141,90,134,40,60,54,132,96,42,19,62,91,373,0
2022,370,9,58,29,23,93,238,433,91,140,69,208,73,71,17,58,143,636,0
2023,370,9,56,0,5,21,210,354,87,148,57,137,55,53,16,71,124,522,0
2021,371,26,58,58,100,256,219,386,195,235,64,321,201,43,11,93,75,933,0
2022,371,26,77,77,142,360,249,474,341,413,82,350,186,53,14,118,94,1265,0
2023,371,26,82,82,132,353,242,438,350,413,87,279,128,57,10,86,103,1230,0
2024,371,26,82,82,149,385,198,347,157,196,67,182,99,54,12,58,98,1000,0
2025,371,27,82,82,156,360,191,323,161,199,97,213,136,39,14,50,75,1011,0
2026,371,27,60,49,111,295,97,176,82,97,50,121,124,41,11,53,69,609,0
2021,373,25,38,0,8,23,34,74,16,27,31,102,29,8,13,20,54,108,0
2021,374,26,36,4,0,1,126,223,41,79,61,154,20,9,46,40,73,293,0
2022,374,29,65,8,0,0,215,330,104,167,166,328,26,22,103,53,179,534,0
2022,376,16,19,1,9,28,7,18,2,5,10,16,6,2,3,3,13,43,0
2023,376,16,54,11,37,109,56,107,13,28,57,131,43,36,17,45,82,236,0
2024,376,16,66,26,76,192,77,137,23,36,65,145,70,53,30,34,117,405,0
2025,376,16,74,42,89,233,90,158,31,43,72,180,112,68,37,54,164,478,0
2022,379,19,78,69,57,169,217,407,137,163,98,198,167,130,60,100,238,742,0
2023,379,19,66,66,56,167,179,334,123,161,97,172,162,103,42,88,208,649,0
2024,379,19,76,76,114,273,179,315,137,158,74,198,199,105,62,93,224,837,0
2025,379,19,20,20,22,72,53,100,33,40,22,56,65,37,9,35,66,205,0
2026,379,19,42,42,56,194,83,169,41,50,36,114,120,69,20,55,132,375,0
2026,380,2,58,3,34,100,66,111,11,24,55,151,35,36,17,32,100,245,0
2024,383,8,18,0,4,14,4,6,0,0,1,8,2,1,0,2,10,20,0
2025,383,8,51,2,23,74,22,46,21,28,25,53,20,10,6,14,44,134,0
2026,383,8,21,2,7,33,7,19,11,13,4,32,17,2,1,5,13,46,0
2024,385,25,22,1,0,0,14,22,6,12,20,31,13,3,20,15,46,34,0
2022,386,22,42,1,27,87,54,101,21,32,23,49,37,10,3,17,48,210,0
2021,388,20,64,3,118,303,111,277,155,174,25,112,127,30,12,58,114,731,0
2022,388,20,78,3,137,396,147,328,177,201,31,216,275,54,3,99,167,882,2
2023,388,20,81,21,168,454,251,482,203,248,58,279,279,80,14,100,166,1209,0
2025,388,28,33,33,85,225,99,213,111,128,16,101,191,23,4,58,61,564,0
2026,388,28,59,59,158,416,199,374,154,190,31,216,361,71,5,94,123,1026,0
2021,389,30,40,8,13,47,17,34,5,8,18,48,23,11,9,22,63,78,0
2022,389,28,15,0,1,4,2,9,5,8,4,3,4,8,2,2,10,12,0
2025,390,26,40,0,3,8,51,75,23,36,22,35,12,5,10,16,30,134,0
2021,391,6,67,67,62,214,173,345,114,157,68,138,128,62,24,86,185,646,0
2022,391,6,67,61,55,157,152,274,119,155,72,129,121,56,22,58,164,588,0
2023,391,6,76,46,62,171,113,183,78,103,52,135,87,56,30,42,158,490,0
2024,391,6,69,42,84,215,151,265,93,137,67,139,132,57,34,54,140,647,0
2025,391,6,55,22,56,151,68,116,33,46,49,81,68,32,16,23,104,337,0
2026,391,5,54,54,60,185,116,206,75,94,61,88,86,37,24,41,132,487,0
2025,392,29,71,46,42,169,192,386,105,154,32,203,446,66,16,208,149,615,0
2026,392,29,55,16,25,90,207,369,138,192,20,117,400,60,18,138,131,627,0
2025,393,26,15,0,1,5,4,6,2,4,1,7,1,1,2,1,2,13,0
2022,394,13,68,0,14,30,215,336,91,132,117,215,160,50,77,84,167,563,0
2023,394,20,82,8,8,37,167,290,48,71,209,327,102,53,64,66,213,406,0
2024,394,20,75,49,1,3,234,362,111,157,244,382,188,87,85,93,210,582,0
2025,394,21,57,53,0,19,279,461,79,117,163,448,219,47,62,96,171,637,0
2026,394,21,36,35,0,6,156,239,56,92,114,218,126,36,28,68,96,368,1
2022,395,12,36,15,5,16,111,190,60,88,60,89,10,25,52,40,92,297,0
2023,395,12,63,12,2,14,177,304,95,146,113,169,51,31,93,51,154,455,0
2024,395,12,59,3,0,4,155,229,73,102,94,144,50,34,61,39,137,383,0
2021,396,23,41,1,39,106,9,27,18,24,6,30,20,12,4,11,34,153,0
2022,396,23,55,1,45,135,17,42,29,31,6,50,35,14,3,19,47,198,0
2023,396,21,73,10,161,394,63,114,82,100,27,148,88,48,8,39,105,691,0
2024,396,21,78,1,147,353,75,132,45,52,32,148,99,46,22,47,87,636,0
2025,396,21,74,16,192,466,67,122,46,56,41,155,119,48,9,38,113,756,0
2026,396,21,56,8,139,338,51,94,98,110,28,120,81,42,9,35,102,617,0
2022,397,9,19,5,27,64,14,26,12,14,15,42,21,13,7,15,37,121,0
2023,397,9,52,22,74,203,46,85,32,39,28,115,41,28,28,30,103,346,0
2024,397,9,23,6,22,77,18,39,12,18,15,33,25,13,5,16,43,114,0
2026,397,24,32,0,12,39,10,22,9,12,19,41,21,12,8,12,27,65,0
2023,398,6,12,0,3,8,9,20,4,4,4,16,3,4,3,1,8,31,0
2024,398,6,10,0,3,10,7,14,0,1,3,7,6,2,0,2,6,23,0
2021,399,21,61,34,32,109,175,320,87,117,89,252,107,52,37,113,162,533,0
2022,399,21,45,28,44,99,122,224,78,116,75,142,71,36,34,43,109,454,0
2023,399,27,42,2,18,60,49,95,20,41,21,86,38,18,7,31,53,172,0
2021,401,9,68,14,21,63,205,346,64,92,159,294,59,39,86,67,184,537,0
2022,401,9,71,71,15,46,235,444,74,103,226,391,82,22,78,85,211,589,0
2023,401,9,50,47,67,205,128,236,110,149,115,288,70,20,34,68,133,567,0
2024,401,9,46,45,67,175,119,207,64,85,74,231,73,17,38,66,99,503,0
2025,401,9,72,4,17,53,159,262,66,87,130,269,123,28,101,68,183,435,0
2026,401,9,51,13,38,112,153,241,91,120,82,176,59,15,85,58,147,511,0
2022,403,30,12,0,4,16,3,10,2,6,3,9,4,4,2,4,4,20,0
2025,404,4,20,0,13,33,28,72,25,34,14,18,28,11,0,18,21,120,0
2021,405,30,44,1,18,49,111,248,19,33,22,128,172,32,13,41,62,295,0
2023,405,8,43,0,2,12,50,119,2,4,5,49,100,8,7,44,33,108,0
2024,405,4,43,5,4,8,62,150,3,4,11,65,145,17,4,47,49,139,0
2022,406,24,45,0,19,59,22,45,7,12,27,27,15,20,6,13,49,108,0
2023,406,24,60,2,57,173,27,54,26,31,45,94,53,38,22,22,117,251,0
2021,407,13,72,33,1,4,256,390,135,171,189,330,90,24,62,81,187,650,0
2022,407,13,76,76,0,0,310,495,165,227,217,427,120,36,77,114,203,785,0
2023,407,13,76,76,0,2,326,512,166,238,236,520,77,29,98,117,219,818,0
2024,407,13,68,68,0,0,337,519,120,166,196,430,93,22,83,79,180,794,0
2025,407,13,80,80,0,0,592,942,156,236,300,710,214,55,90,127,168,1340,1
2026,407,13,43,42,0,0,263,429,93,132,148,325,96,16,36,82,104,619,0
2021,411,15,63,63,73,241,357,716,271,372,59,193,465,57,13,203,87,1204,1
2022,411,15,57,57,88,256,492,921,316,415,77,248,384,66,22,196,86,1564,1
2023,411,15,61,59,92,300,474,914,372,497,61,296,493,66,16,206,100,1596,7
2025,411,15,50,50,88,285,316,604,263,319,34,171,364,61,12,185,113,1159,1
2026,411,15,20,20,20,85,112,237,105,117,8,57,161,20,6,71,40,389,0
2025,412,28,52,18,65,186,94,207,66,83,59,101,81,43,10,50,95,449,0
2026,412,28,52,11,62,172,51,96,45,55,36,85,53,49,8,29,106,333,0
2022,413,2,12,0,8,16,10,22,9,9,5,23,6,4,1,8,13,53,0
2023,414,11,79,79,120,391,244,501,162,206,122,447,101,43,74,104,227,1010,0
2024,414,11,76,76,138,380,240,453,150,185,139,477,121,52,61,89,200,1044,0
2025,414,11,57,39,98,277,150,289,104,126,105,294,60,25,41,61,123,698,0
2026,414,11,58,58,128,351,193,362,116,151,89,312,104,47,57,78,144,886,0
2023,415,25,56,0,16,56,67,142,34,45,48,83,34,10,13,29,69,216,0
2024,415,25,72,23,41,139,193,370,129,171,151,357,71,42,22,66,173,638,0
2025,415,25,60,1,28,72,90,157,49,71,59,152,37,33,6,34,87,313,0
2026,415,23,53,6,27,85,52,99,44,59,61,110,27,20,12,22,87,229,0
2023,417,8,17,0,3,9,5,10,2,3,6,11,4,3,2,2,9,21,0
2023,421,7,48,5,63,156,83,177,65,79,11,78,65,17,7,46,64,420,0
2024,421,7,73,7,81,224,114,255,59,76,20,111,109,22,4,62,80,530,0
2025,421,7,57,3,76,197,104,217,60,86,9,80,81,28,5,82,90,496,0
2023,422,9,74,73,120,350,289,633,266,356,73,215,387,61,17,237,242,1204,0
2024,422,9,77,61,124,369,293,604,227,303,86,178,296,57,41,190,204,1185,0
2025,422,9,30,30,63,154,127,259,85,116,40,84,119,28,11,89,67,528,0
2021,423,18,63,27,72,198,92,169,27,45,52,180,71,35,60,47,172,427,0
2022,423,18,70,31,80,252,175,302,57,71,76,217,79,52,54,75,224,647,0
2023,423,18,79,79,107,269,263,447,106,144,92,215,148,74,76,112,272,953,0
2024,423,18,72,71,86,255,221,373,57,79,56,168,101,63,42,87,219,757,0
2025,423,18,82,82,100,303,298,531,104,128,129,341,163,110,74,95,225,1000,0
2026,423,18,62,62,90,209,259,465,135,159,68,204,176,67,63,113,211,923,0
2023,424,23,16,2,2,5,15,30,6,8,6,8,8,7,3,3,15,42,0
2021,425,24,60,42,148,380,51,112,57,75,32,250,127,48,27,55,125,603,0
2022,425,24,67,67,127,365,90,179,71,90,30,324,124,95,30,55,173,632,0
2023,425,17,18,3,24,55,21,39,10,12,17,52,27,12,6,7,27,124,0
2024,425,17,50,25,58,166,56,104,26,36,31,130,66,38,9,23,74,312,0
2021,426,11,70,58,60,195,256,430,102,147,132,242,178,85,36,98,222,794,0
2022,426,11,78,77,63,202,300,527,130,184,135,285,222,72,41,139,286,919,0
2023,426,11,31,7,13,46,97,183,50,69,41,77,84,21,7,47,106,283,0
2024,426,11,65,9,23,77,85,152,26,39,61,136,64,42,15,37,137,265,0
2025,426,11,52,2,16,46,54,102,32,47,50,67,47,26,7,22,82,188,0
2026,426,11,34,0,8,24,32,54,4,7,22,25,17,9,3,10,37,92,0
2021,427,9,27,2,2,9,61,93,17,24,23,43,13,6,5,21,39,145,0
2026,428,15,19,3,12,40,26,54,3,6,10,22,19,22,8,19,35,91,0
2021,429,26,13,0,5,19,10,19,5,5,2,8,6,4,1,3,8,40,0
2022,429,26,19,0,5,18,19,40,7,14,4,9,7,1,1,5,10,60,0
2026,430,16,10,0,2,7,5,13,1,1,2,2,6,1,0,2,5,17,0
2024,433,16,75,20,65,202,276,495,142,175,82,203,195,77,20,110,167,889,0
2025,433,16,66,17,37,119,176,343,107,142,84,206,166,61,14,98,81,570,1
2026,433,16,59,1,35,122,327,591,141,187,77,233,270,47,17,129,112,900,0
2021,434,12,29,4,3,15,53,98,19,29,27,50,4,2,14,15,52,134,0
2023,435,15,35,0,24,71,13,24,7,9,19,44,21,12,4,18,49,105,0
2024,435,15,35,6,53,156,65,147,90,109,51,77,58,29,12,45,69,379,0
2026,435,14,63,33,68,211,134,228,94,124,87,158,115,77,28,67,143,566,0
2021,436,18,45,11,23,78,68,106,26,37,13,54,28,29,19,26,44,231,0
2022,436,18,34,1,8,35,22,38,13,18,6,30,9,7,5,10,12,81,0
2021,437,27,69,51,0,0,265,430,63,124,219,328,134,47,123,83,172,593,0
2022,437,27,68,67,1,1,409,662,94,190,262,372,189,45,118,109,212,915,0
2024,437,28,50,50,0,0,248,378,59,107,146,283,127,35,76,77,149,555,0
2025,437,28,57,56,1,3,362,576,97,144,189,358,158,66,71,111,176,824,0
2026,437,28,28,26,0,0,116,168,40,62,74,133,57,24,17,40,87,272,0
2021,439,7,68,12,81,200,247,427,120,151,27,204,239,35,1,80,109,857,0
2022,439,7,79,61,94,252,412,756,179,213,43,266,377,66,3,124,151,1285,0
2023,439,20,68,68,134,322,453,873,325,392,40,201,421,61,15,142,152,1633,0
2024,439,20,77,77,211,526,579,1122,421,497,43,235,519,70,13,186,144,2212,0
2025,439,20,65,65,152,397,433,803,368,448,27,160,475,60,8,164,138,1690,0
2026,439,20,59,59,166,439,382,741,283,336,28,172,382,41,7,132,139,1545,0
2023,441,9,67,31,0,2,258,396,96,157,229,366,75,44,59,92,182,612,0
2024,441,9,61,60,0,4,349,560,143,181,192,517,147,33,47,129,192,841,0
2025,441,9,78,78,0,0,378,546,162,242,277,530,209,54,89,136,251,918,0
2026,441,9,52,52,0,0,371,596,212,292,204,357,91,47,43,92,145,954,0
2022,442,11,67,67,157,458,249,496,188,236,33,193,176,44,18,135,103,1157,0
2023,442,11,76,76,187,554,379,805,364,463,43,241,281,59,18,200,131,1683,0
2024,442,11,82,82,201,605,362,727,283,352,41,382,291,66,28,191,115,1610,1
2025,442,11,82,82,234,661,374,776,273,336,45,332,282,71,27,203,127,1723,0
2026,442,24,15,10,28,104,51,113,26,34,7,40,33,18,1,30,16,212,0
2021,443,28,13,2,17,36,19,36,7,9,3,15,17,8,0,14,15,96,0
2024,444,14,21,0,2,15,8,30,12,20,2,11,8,3,2,9,13,34,0
2022,445,1,22,0,3,13,19,28,5,7,2,24,3,3,2,9,9,52,0
2023,445,1,70,6,30,104,128,218,49,78,51,231,83,38,34,41,113,395,0
2024,445,1,56,52,71,200,288,502,107,147,74,414,203,67,47,101,133,896,1
2025,445,1,36,36,44,141,227,401,94,126,62,297,181,56,36,106,67,680,1
2026,445,1,57,57,88,256,394,720,254,324,84,512,453,76,27,194,124,1306,11
2021,447,4,47,18,35,105,98,179,45,64,45,124,53,28,19,45,95,346,0
2022,447,4,55,2,41,108,82,146,53,72,37,133,58,26,22,36,93,340,0
2024,447,28,50,1,12,71,53,118,27,37,18,61,37,19,6,30,52,169,0
2024,448,8,27,0,9,25,6,10,3,4,1,13,21,4,0,9,13,42,0
2025,448,8,49,4,40,101,37,79,6,8,15,56,107,19,5,24,38,200,1
2026,448,8,42,18,42,111,43,91,12,13,18,88,103,13,4,29,38,224,0
2024,449,26,12,0,0,2,4,4,0,0,1,6,2,1,1,2,8,8,0
2021,450,24,27,1,4,17,18,33,5,7,7,30,4,1,5,7,16,53,0
2023,450,12,68,31,54,191,188,317,104,137,129,265,66,21,60,72,153,642,0
2024,450,12,61,14,61,144,173,251,72,104,112,225,63,17,38,44,124,601,0
2025,450,5,64,2,72,222,118,186,72,89,89,268,65,17,44,37,95,524,0
2026,450,5,46,15,72,187,100,164,57,78,84,236,59,23,37,45,92,473,0
2022,451,22,48,45,42,196,156,352,126,163,26,145,209,59,19,143,142,564,0
2023,451,22,53,19,66,202,120,242,86,119,55,106,155,67,27,94,120,524,0
2024,451,22,75,75,153,385,183,329,118,156,48,181,205,106,47,132,205,943,0
2025,451,22,35,35,76,242,121,239,97,110,23,118,129,51,33,102,98,567,0
2026,451,22,39,38,78,239,110,198,77,91,25,123,209,74,32,97,104,531,1
2023,452,21,75,62,73,205,341,589,155,191,84,253,248,103,35,123,191,1056,0
2024,452,21,71,71,103,241,433,752,180,221,37,245,322,80,45,123,175,1355,0
2025,452,21,69,69,124,340,441,828,236,299,59,310,354,111,46,150,158,1490,0
2026,452,21,26,26,20,64,155,301,85,102,17,104,141,33,9,50,54,455,0
2024,453,3,43,3,24,74,52,105,38,46,47,84,45,11,4,19,48,214,0
2025,453,3,79,22,122,362,124,258,135,165,75,195,145,40,5,79,164,749,0
2026,453,3,41,0,40,109,24,64,37,48,8,53,23,16,2,21,48,205,0
2023,454,16,18,0,7,20,30,46,17,22,15,37,12,11,1,6,21,98,0
2024,454,16,26,1,11,31,23,48,18,23,15,22,10,10,5,8,22,97,0
2025,454,19,37,0,26,80,42,78,34,50,27,58,22,23,9,22,46,196,0
2026,454,22,22,0,7,21,9,24,15,18,7,9,8,5,1,7,24,54,0
2021,455,8,48,48,129,316,249,476,133,153,37,157,231,64,13,108,95,1018,0
2023,455,8,65,65,172,432,301,609,180,216,48,209,400,66,16,145,103,1298,1
2024,455,8,59,59,145,341,329,645,157,184,42,200,384,57,39,125,104,1250,0
2025,455,8,67,67,156,397,375,724,218,246,45,216,403,91,33,138,128,1436,0
2026,455,8,59,59,190,441,332,637,269,307,23,232,425,56,22,140,95,1503,0
2025,456,28,75,11,72,223,132,281,53,69,30,85,316,58,10,117,158,533,0
2026,456,28,62,7,68,211,78,186,69,89,22,101,321,59,9,88,124,429,0
2026,457,24,33,0,19,60,67,119,22,31,15,49,61,25,14,21,31,213,0
2022,458,4,31,0,17,49,32,92,27,31,22,30,26,7,1,15,29,142,0
2023,458,4,34,0,33,109,36,84,20,30,8,64,41,14,5,32,49,191,0
2024,458,4,14,0,13,30,5,11,1,2,1,8,6,1,1,2,3,50,0
2021,459,22,41,37,45,104,70,139,70,87,43,123,62,32,7,36,84,345,0
2023,460,23,58,58,161,418,210,424,313,361,40,314,618,71,31,195,112,1216,5
2024,460,13,72,72,186,488,166,334,302,344,34,335,614,77,57,185,127,1192,3
2025,460,13,79,79,235,668,296,627,505,578,55,401,687,118,55,341,162,1802,3
2022,461,3,62,10,23,85,121,222,29,55,51,164,130,30,34,48,162,340,0
2023,461,12,18,1,3,15,19,34,4,8,4,26,15,7,6,8,32,51,0
2025,461,12,12,0,0,3,4,8,0,1,0,6,4,0,2,4,5,8,0
2021,463,10,39,27,12,38,179,330,54,86,55,171,26,11,36,60,121,448,0
2024,463,9,63,6,0,2,187,303,72,102,110,226,54,12,39,66,141,446,0
2026,464,30,32,4,24,84,47,74,23,35,29,82,30,26,16,17,83,189,0
2025,465,28,59,10,105,259,44,88,16,18,37,121,53,17,10,27,92,419,0
2026,465,28,45,2,25,60,28,44,6,9,17,51,17,5,2,15,32,137,0
2022,466,9,13,0,13,39,5,11,1,2,6,26,7,0,7,5,12,50,0
2021,467,8,58,5,79,198,94,176,46,57,85,192,53,26,22,53,144,471,0
2022,467,8,67,8,33,124,126,203,81,93,81,200,59,43,26,57,158,432,0
2023,467,10,57,1,42,111,94,141,52,67,72,133,51,25,23,52,105,366,0
2024,469,12,33,0,22,55,23,55,8,9,12,51,40,15,11,17,29,120,0
2025,469,12,75,5,75,185,95,175,46,69,25,204,110,54,25,78,115,461,0
2026,469,12,62,27,102,283,135,300,113,149,42,267,145,50,22,111,107,689,0
2022,470,29,42,1,28,88,33,63,11,16,5,40,63,17,8,33,47,161,0
2024,470,30,40,0,24,78,74,123,31,36,9,49,126,29,8,50,58,251,0
2021,471,14,12,0,2,6,0,3,0,0,4,17,5,1,1,2,7,6,0
2025,473,23,23,8,51,133,75,141,49,56,13,43,60,15,0,37,37,352,0
2023,474,9,14,0,5,20,12,24,6,6,11,26,4,4,1,3,23,45,0
2024,474,9,17,0,12,31,21,35,5,8,3,30,14,3,13,7,28,83,0
2021,475,15,11,4,17,60,36,65,35,42,17,45,12,12,18,15,42,158,0
2022,475,15,78,78,128,401,302,635,284,345,119,335,86,73,177,130,272,1272,0
2023,475,15,63,63,100,282,316,540,241,306,108,318,60,65,189,107,227,1173,0
2024,475,15,66,66,117,366,399,796,337,417,85,280,154,80,106,160,235,1486,0
2025,475,15,74,74,146,389,446,824,311,398,91,326,148,92,113,153,257,1641,0
2021,476,18,64,30,1,5,142,231,57,102,118,250,76,64,46,53,123,344,0
2022,476,18,74,67,2,14,210,347,86,131,215,409,94,99,46,73,181,512,0
2024,476,14,29,6,8,27,51,87,24,36,41,97,36,36,5,28,43,150,0
2025,476,14,36,2,9,32,50,89,20,36,68,114,41,35,10,29,67,147,0
2026,476,14,52,3,25,82,67,117,30,47,70,174,65,46,17,49,91,239,0
2021,477,29,28,0,12,28,13,24,2,2,9,18,15,7,2,8,17,64,0
2022,478,6,56,56,1,10,368,535,165,233,192,410,92,44,75,94,97,904,0
2023,478,6,68,68,1,10,402,616,162,221,221,445,113,54,84,93,153,969,0
2024,478,6,77,77,0,6,519,813,233,314,243,568,210,53,81,121,147,1271,0
2025,478,6,82,82,0,5,452,635,199,277,216,582,158,77,73,97,127,1103,0
2026,478,6,51,51,1,10,305,471,166,229,133,299,97,50,44,69,92,779,0
2021,479,18,34,7,13,53,56,115,29,48,34,70,24,17,9,28,58,180,0
2022,479,15,37,0,12,47,39,88,16,34,13,35,33,20,5,20,42,130,0
2023,479,1,10,1,1,12,16,31,9,13,10,28,6,6,2,7,14,44,0
2026,481,22,44,0,25,71,50,92,27,37,19,34,51,13,2,24,48,202,0
2023,482,13,14,0,5,18,13,23,0,2,2,20,27,2,0,10,7,41,0
2022,483,24,74,17,2,9,286,449,102,146,163,333,42,22,81,98,181,680,0
2023,483,7,42,7,2,5,78,120,24,41,30,77,11,4,26,36,54,186,0
2024,483,26,46,0,1,7,78,125,26,45,42,84,17,14,20,34,46,185,0
2024,485,28,22,6,10,42,45,82,33,36,16,54,40,10,4,25,28,153,0
2026,486,15,28,3,32,80,37,83,42,51,20,58,99,19,8,30,37,212,0
2026,487,25,19,0,3,23,6,18,2,2,4,15,7,6,0,9,6,23,0
2022,488,5,65,45,36,101,140,224,80,96,91,185,60,67,32,30,132,468,0
2023,488,5,32,1,13,35,48,73,30,45,27,61,23,24,21,20,52,165,0
2026,488,9,62,4,65,182,74,136,78,96,51,123,41,77,20,38,87,421,0
2021,490,19,60,3,6,14,169,266,93,120,92,165,35,25,38,39,101,449,0
2022,490,19,70,28,20,57,225,341,144,188,115,200,43,33,55,54,155,654,0
2023,490,19,47,2,3,29,83,127,58,83,39,93,34,20,19,31,67,233,0
2024,490,14,70,5,0,8,126,167,51,82,69,142,33,34,29,43,123,303,0
2025,490,14,56,35,0,3,161,220,61,98,78,191,58,31,51,43,136,383,0
2026,490,14,53,8,2,2,153,201,60,91,80,132,50,20,33,24,103,372,0
2024,491,8,20,0,3,9,6,6,2,2,2,9,2,2,3,1,9,23,0
2025,491,15,64,2,81,200,76,105,44,56,30,99,38,16,56,34,78,439,0
2026,491,12,63,39,89,281,125,168,64,77,61,182,85,34,120,53,152,581,0
2022,492,13,18,0,6,21,12,25,7,10,2,14,8,4,3,7,9,49,0
2021,494,2,58,58,163,411,375,700,191,250,71,276,195,72,32,158,168,1430,0
2022,494,2,66,66,166,464,410,753,241,318,53,351,231,70,18,178,163,1559,2
2023,494,2,67,67,163,487,516,896,263,344,78,381,232,75,26,197,172,1784,0
2024,494,2,70,70,145,410,482,846,211,300,84,303,249,83,37,166,185,1610,1
2025,494,2,63,63,116,358,402,760,246,322,82,286,286,73,19,162,154,1398,0
2026,494,2,56,56,115,330,480,907,307,395,63,340,283,56,24,200,150,1612,3
2025,495,18,40,4,22,51,34,69,29,37,26,27,26,36,2,8,61,163,0
2026,495,18,56,0,21,74,53,102,37,59,47,54,31,39,8,19,75,206,0
2021,496,21,19,0,0,11,44,77,28,41,21,44,24,13,5,17,19,116,0
2021,499,18,42,0,50,150,92,185,45,55,19,76,62,22,12,28,72,379,0
2022,499,18,62,1,63,160,133,253,72,92,22,101,130,27,10,36,73,527,0
2023,499,18,65,2,67,232,213,393,77,99,36,134,132,42,5,65,101,704,0
2025,501,15,79,74,138,392,149,284,111,135,87,181,135,44,8,69,146,823,0
2026,501,15,61,61,113,321,155,302,119,154,54,146,103,53,8,69,135,768,0
2023,502,21,49,36,46,113,56,121,38,54,44,197,76,28,12,37,111,288,0
2024,502,21,69,1,53,144,42,84,33,41,36,198,110,28,27,34,98,276,0
2025,502,21,47,9,61,153,36,68,23,30,48,214,120,22,29,35,79,278,3
2026,502,21,50,10,69,197,43,79,61,76,27,245,130,27,33,58,99,354,0
2025,503,6,47,3,20,58,44,91,19,24,37,59,44,13,3,26,50,167,0
2026,503,6,58,39,121,264,176,327,73,97,109,197,129,49,24,87,150,788,0
2021,505,2,64,64,187,485,418,833,295,340,50,422,276,75,31,171,122,1692,1
2022,505,2,76,76,230,651,478,913,400,469,85,524,334,75,49,217,174,2046,0
2023,505,2,74,74,240,686,487,873,531,622,78,571,342,78,51,213,160,2225,1
2024,505,2,74,74,229,609,443,817,414,497,67,534,364,75,43,188,145,1987,0
2025,505,2,72,72,250,728,412,737,358,440,48,575,431,76,38,209,157,1932,2
2025,506,7,16,0,4,11,5,12,2,4,1,4,6,2,1,5,9,24,0
2023,507,2,12,0,2,7,6,12,1,2,2,7,11,2,2,4,5,19,0
2025,507,2,16,0,4,18,8,16,5,7,2,11,13,5,1,13,2,33,0
2026,507,11,25,0,8,28,13,26,5,9,2,21,28,5,4,7,16,55,0
2023,508,28,25,0,5,16,20,41,6,9,6,17,31,9,3,5,13,61,0
2024,508,23,12,0,9,19,11,17,3,4,3,17,27,7,1,5,1,52,0
2025,508,23,41,3,28,70,84,160,33,45,12,48,78,24,12,15,29,285,0
2021,509,3,68,38,103,250,158,280,125,161,34,229,108,36,27,54,122,750,0
2022,509,8,75,63,53,168,224,361,165,198,41,190,96,28,27,71,151,772,0
2023,509,8,56,4,30,104,130,224,87,117,38,106,69,18,17,46,99,437,0
2024,509,11,78,6,53,160,114,206,122,149,46,132,70,16,31,46,100,509,0
2025,509,11,32,3,29,79,32,42,21,26,11,47,20,6,4,9,32,172,0
2026,509,11,21,0,11,28,8,14,1,1,3,12,4,1,1,1,5,50,0
2021,512,9,54,54,115,329,285,603,290,343,35,215,152,35,58,109,125,1205,0
2022,512,9,47,47,91,254,207,445,217,259,28,163,111,44,49,85,107,904,0
2023,512,25,63,63,144,359,290,554,278,342,53,230,150,51,53,116,152,1290,0
2024,512,25,54,54,111,276,272,574,255,312,37,154,152,45,34,116,117,1132,0
2025,512,25,47,47,108,296,106,278,141,166,26,137,101,41,46,65,109,677,0
2026,512,25,48,29,109,289,170,339,236,289,46,124,110,33,29,97,119,903,0
2026,513,19,65,44,72,218,251,538,138,174,46,196,209,75,23,149,119,856,0
2022,515,21,49,36,58,165,76,159,40,54,75,199,49,29,15,39,75,366,0
2023,515,21,43,20,37,111,73,137,35,42,71,109,43,24,11,19,71,292,0
2024,515,19,39,1,13,39,32,56,12,16,23,53,21,10,4,16,24,115,0
2025,515,19,66,9,56,164,102,183,46,55,110,205,88,39,7,51,79,418,0
2021,516,12,36,8,52,128,68,148,71,75,25,106,53,34,23,22,72,363,0
2023,517,27,56,53,33,134,217,418,81,116,95,200,142,43,23,97,138,614,0
2024,517,27,74,73,70,227,270,549,111,144,137,339,249,62,40,140,168,861,0
2025,517,27,54,23,28,91,223,378,87,125,127,225,128,45,27,84,131,617,0
2022,518,20,41,5,0,0,39,54,12,29,61,108,21,11,22,20,66,90,0
2023,518,20,52,16,0,1,83,106,12,16,99,143,25,15,28,27,96,178,0
2024,518,20,45,11,0,0,38,55,16,24,56,91,25,8,19,16,45,92,0
2026,518,17,48,8,0,0,85,102,17,29,82,155,52,10,13,48,90,187,0
2024,519,11,14,0,0,2,9,12,2,2,3,10,3,1,2,0,5,20,0
2021,520,30,17,6,11,42,17,53,16,20,4,34,25,12,6,19,31,83,0
2024,520,10,22,0,2,17,9,16,7,11,1,5,5,1,3,2,5,31,0
2024,522,22,18,0,7,25,3,5,2,4,1,6,6,2,2,3,4,29,0
2025,522,22,60,0,55,186,43,76,16,23,20,50,44,13,11,36,68,267,0
2026,522,22,41,0,35,106,34,70,30,32,15,47,34,7,9,8,45,203,0
2021,523,24,60,1,56,151,38,72,4,7,16,76,71,29,9,16,56,248,0
2023,523,17,81,39,142,337,97,228,31,38,35,167,197,66,29,78,158,651,0
2024,523,5,72,0,77,234,61,131,4,7,11,49,94,37,16,36,71,357,0
2025,523,5,36,1,35,105,20,41,8,10,4,35,40,13,3,11,15,153,0
2021,524,16,52,52,25,102,341,634,359,416,94,265,369,108,18,109,71,1116,4
2022,524,16,57,57,27,116,371,713,396,455,102,234,312,94,27,121,88,1219,4
2023,524,16,64,64,36,103,443,785,472,555,141,234,340,117,21,101,80,1466,0
2024,524,16,60,60,60,145,336,648,394,459,105,213,298,79,17,102,68,1246,1
2026,524,10,38,38,32,85,208,377,248,287,88,123,185,55,8,60,46,760,0
2026,526,18,30,1,0,0,40,60,11,17,29,28,7,4,13,8,34,91,0
2022,527,27,54,1,29,89,72,115,34,41,63,75,45,10,14,31,53,265,0
2023,527,24,69,4,21,84,157,253,79,105,119,161,68,16,30,59,126,456,0
2024,527,11,56,3,10,40,96,166,52,65,88,84,65,20,33,31,74,274,0
2025,527,11,42,3,11,26,70,126,27,40,56,81,37,13,10,21,49,200,0
2021,528,3,69,65,211,444,146,263,49,63,43,205,130,46,14,62,141,974,0
2022,528,3,14,14,41,88,15,36,5,6,5,51,14,7,2,16,31,158,0
2023,528,3,74,33,142,333,59,107,18,28,23,141,101,34,13,41,140,562,0
2024,528,9,16,0,10,30,4,9,1,2,3,10,10,3,2,4,19,39,0
2021,529,29,67,30,183,406,92,156,76,90,27,217,318,45,12,117,120,809,0
2022,529,29,45,15,78,225,37,60,17,22,12,119,158,23,5,46,82,325,0
2023,529,17,46,0,83,203,25,45,18,21,13,115,150,33,6,55,74,317,0
2024,529,22,68,0,70,161,29,66,28,34,18,124,203,43,5,67,88,296,0
2025,529,18,19,1,3,15,3,8,0,0,2,9,23,2,0,9,12,15,0
2026,529,18,20,0,2,6,1,2,2,2,0,7,16,7,0,7,6,10,0
2022,531,27,29,0,14,43,6,13,7,13,4,10,9,4,3,2,14,61,0
2021,533,23,51,51,58,154,403,745,471,548,113,426,145,50,69,159,123,1451,0
2022,533,23,68,68,93,251,573,1083,654,803,146,650,284,77,99,214,181,2079,2
2023,533,23,66,66,66,200,662,1128,661,771,113,557,274,66,112,226,205,2183,1
2024,533,23,39,39,54,139,396,712,399,452,95,335,219,46,66,150,112,1353,2
2025,533,23,19,19,23,77,117,238,149,169,36,119,85,14,18,62,42,452,1
2026,533,23,33,33,42,132,255,468,242,282,67,182,130,21,35,98,70,878,1
2023,534,25,19,1,8,35,9,18,3,4,3,14,11,7,9,1,22,45,0
2021,535,1,63,63,83,208,346,563,170,204,118,349,78,34,63,84,193,1111,0
2022,535,1,54,53,64,176,275,468,134,169,93,329,98,33,56,60,164,876,0
2023,535,1,71,71,70,240,289,467,143,178,77,385,85,42,73,79,220,931,0
2024,535,29,68,66,86,232,311,514,147,185,157,418,77,40,61,98,191,1027,0
2025,535,29,40,31,59,148,221,383,139,164,89,238,80,39,40,103,116,758,0
2026,535,13,54,45,74,175,217,345,88,112,78,202,52,45,43,74,145,744,0
2021,536,15,43,0,21,56,48,82,25,30,35,93,47,30,9,18,40,184,0
2022,536,15,72,7,52,126,83,136,27,49,87,242,109,45,22,29,90,349,1
2023,536,15,72,23,60,177,78,143,28,36,64,246,100,77,25,37,112,364,0
2024,536,15,55,23,38,120,50,88,21,25,72,185,110,51,51,46,76,235,0
2025,536,15,46,4,23,62,18,29,7,8,37,114,42,30,14,16,32,112,0
2021,538,11,40,40,79,249,214,477,158,211,17,112,275,42,31,141,46,823,1
2023,538,13,34,3,33,109,105,229,77,113,14,78,178,27,12,80,59,386,0
2026,540,23,11,0,0,5,4,19,2,6,7,9,4,3,2,3,7,10,0
2023,541,30,28,5,17,70,49,101,14,27,10,55,28,10,8,17,48,163,0
2024,541,30,50,6,14,40,48,114,14,24,18,54,32,18,10,13,57,152,0
2025,541,30,34,0,7,29,25,49,9,15,10,28,11,15,6,7,18,80,0
2025,542,12,50,0,15,50,20,42,18,22,23,48,19,18,11,12,41,103,0
2026,542,12,35,21,23,71,47,78,17,35,32,121,41,20,7,29,65,180,0
2023,543,29,18,0,15,63,20,41,2,4,8,31,8,4,3,3,13,87,0
2024,543,29,20,5,32,77,19,33,10,14,7,29,23,4,2,13,29,144,0
2025,543,29,64,18,118,314,86,161,45,53,42,142,68,39,8,36,126,571,0
2026,543,18,21,0,6,24,10,14,5,8,5,12,6,2,1,5,3,43,0
2021,546,15,62,61,21,57,419,686,157,203,253,523,112,35,57,100,179,1058,0
2022,546,19,74,74,57,158,453,780,237,289,226,617,190,41,60,179,247,1314,0
2023,546,19,79,79,38,109,408,707,185,224,225,579,140,20,52,159,245,1115,0
2024,546,19,82,82,37,120,365,599,161,205,186,535,173,32,68,111,218,1002,0
2026,546,8,52,5,6,19,172,291,86,109,81,181,62,14,30,62,112,448,0
2023,547,22,11,0,6,15,16,38,5,9,15,29,6,14,4,4,5,55,0
2024,547,22,58,2,42,112,104,174,59,82,73,187,30,43,70,27,64,393,0
2025,547,22,71,1,39,151,95,173,73,107,120,194,40,61,80,33,90,380,0
2026,547,22,51,0,7,38,39,70,35,58,42,89,22,20,31,18,41,134,0
2022,548,10,70,12,50,149,186,311,130,190,54,180,64,31,22,74,146,652,0
2023,548,10,67,16,54,146,207,351,90,138,70,161,125,41,31,95,157,666,0
2024,548,10,74,46,53,165,403,697,223,299,92,263,163,55,36,122,169,1188,0
2025,548,10,47,10,46,151,212,417,157,235,56,161,104,38,21,71,90,719,0
2025,549,28,63,18,17,70,139,286,60,82,109,202,146,55,34,70,136,389,1
2026,549,28,25,0,0,0,14,28,2,5,12,26,12,4,5,8,13,30,0
2021,550,15,11,0,3,8,5,7,3,5,4,10,1,3,1,7,12,22,0
2024,550,28,26,5,20,60,20,44,15,18,26,56,60,20,20,21,35,115,0
2021,552,22,14,0,10,32,13,22,0,0,4,20,18,2,0,3,11,56,0
2021,553,29,68,1,208,599,249,476,129,144,47,227,168,61,10,115,110,1251,0
2022,553,29,79,1,190,597,276,516,144,174,67,206,194,66,16,129,149,1266,0
2023,553,29,61,61,155,459,303,572,200,245,72,174,270,33,13,186,120,1271,0
2024,553,29,55,19,91,309,246,507,177,201,49,139,277,35,6,146,81,942,1
2025,553,29,37,9,84,232,117,261,114,143,25,93,138,31,9,86,52,600,0
2026,553,20,54,1,62,190,114,219,58,74,41,51,67,22,8,53,93,472,0
2023,555,30,62,7,38,118,120,235,53,69,57,148,168,58,26,57,95,407,0
2025,555,14,29,5,26,68,37,76,9,11,38,74,42,30,11,26,43,161,0
2026,555,24,54,4,85,239,98,210,31,43,103,153,121,80,11,53,102,482,0
2024,557,19,67,10,109,298,65,158,67,80,29,119,70,19,7,40,72,524,0
2025,557,19,56,9,110,332,97,224,80,98,25,133,66,30,23,58,51,604,0
2026,557,19,40,0,30,101,26,76,14,18,14,48,27,8,7,23,22,156,0
2021,558,18,51,2,33,92,67,150,23,30,21,87,193,51,6,51,44,256,0
2022,558,18,62,3,27,85,61,115,30,40,22,72,180,57,10,38,54,233,0
2023,558,18,43,0,24,78,37,67,15,18,15,47,148,32,4,33,28,161,0
2024,558,18,56,0,42,89,28,56,13,18,18,54,110,35,7,19,31,195,0
2026,558,27,31,0,11,31,12,29,4,5,4,17,23,13,1,12,10,61,0
2025,560,13,37,0,8,38,50,96,28,35,23,35,34,17,5,26,26,152,0
2026,560,13,42,0,27,76,107,178,101,126,35,91,82,31,7,46,42,396,0
2021,561,17,30,2,28,62,34,73,19,25,9,51,7,16,7,24,22,171,0
2022,561,17,62,13,79,227,107,235,36,43,37,184,59,25,17,57,78,487,0
2021,562,10,51,7,97,276,108,198,105,119,15,77,99,26,9,51,86,612,0
2022,562,10,76,51,211,580,263,478,246,266,34,226,304,60,23,187,206,1405,0
2023,562,10,82,43,214,637,336,641,361,415,32,193,369,63,21,252,214,1675,0
2024,562,30,78,66,184,564,306,622,192,219,32,180,343,86,25,188,244,1356,0
2025,562,30,68,68,235,622,222,435,242,274,31,172,303,86,27,204,201,1391,0
2026,562,19,33,6,84,247,59,135,88,100,8,61,101,20,12,59,77,458,0
2025,564,2,52,1,15,55,15,28,7,12,23,46,19,12,11,17,30,82,0
2026,564,2,56,20,38,95,75,122,35,46,76,158,42,41,24,32,118,299,0
2022,565,19,54,1,32,110,99,184,36,53,25,75,152,71,7,40,73,330,0
2023,565,19,61,10,83,247,118,242,65,80,28,113,186,67,10,81,125,550,0
2024,565,19,56,0,78,207,64,138,35,52,25,103,117,59,15,40,89,397,0
2025,565,19,56,23,111,309,93,212,60,74,27,109,259,74,14,86,91,579,0
2022,566,11,74,2,56,189,168,311,83,113,52,134,150,65,13,114,97,587,0
2023,566,11,64,2,21,89,132,240,45,60,20,51,73,33,15,60,59,372,0
2025,566,16,14,0,2,11,9,20,4,6,0,9,8,5,3,6,2,28,0
2022,567,21,54,54,56,213,225,457,56,79,98,323,345,51,20,171,88,674,4
2023,567,21,76,76,76,234,463,884,106,145,148,451,469,57,31,211,143,1260,4
2024,567,21,80,80,82,243,320,604,100,124,111,403,386,51,44,168,111,986,3
2025,567,5,70,69,105,278,266,520,175,224,127,439,503,84,45,202,122,1022,7
2026,567,5,41,38,74,198,177,351,150,197,50,285,346,41,16,148,66,726,8
2021,568,7,39,5,4,25,38,68,13,23,28,50,28,16,3,17,35,101,0
2022,568,7,67,3,28,78,102,178,31,45,52,109,79,45,14,44,115,319,0
2023,568,7,60,21,68,169,137,213,68,94,55,127,103,42,5,72,156,546,0
2024,568,7,57,33,72,187,107,187,39,57,40,144,130,47,9,60,107,469,0
2025,568,4,68,67,97,248,83,173,49,72,56,116,108,74,15,70,165,506,0
2026,568,4,40,0,45,103,23,37,23,26,35,47,39,25,5,25,47,204,0
2021,569,21,21,1,4,37,26,62,22,44,6,53,28,4,1,25,37,86,0
2021,570,19,47,4,63,193,88,151,69,89,53,324,109,38,12,49,111,434,0
2024,570,20,81,42,80,258,215,421,91,115,128,547,331,75,23,118,171,761,6
2025,570,20,77,77,84,252,320,518,159,205,161,576,453,119,27,158,201,1051,9
2026,570,20,52,38,76,200,160,280,71,101,72,317,268,58,17,102,127,619,2
2021,571,9,62,25,77,257,219,450,159,218,57,197,143,53,47,142,178,828,0
2023,573,18,15,0,2,6,16,30,8,8,5,20,5,4,6,3,10,46,0
2024,573,18,32,0,4,10,13,26,12,14,4,13,8,5,5,2,10,50,0
2025,573,18,46,0,14,43,30,47,17,19,12,35,18,15,12,11,34,119,0
2021,574,18,59,37,29,108,73,146,83,108,63,93,63,54,28,43,123,316,0
2022,574,18,49,6,14,47,28,57,35,51,29,41,25,26,12,23,53,133,0
2023,574,24,72,26,66,197,96,217,139,192,109,142,105,56,34,63,114,529,0
2024,574,24,60,11,29,94,57,112,76,102,74,80,64,48,24,36,68,277,0
2026,574,11,59,29,55,137,52,108,34,57,66,96,49,52,12,36,92,303,0
2021,575,7,59,56,88,267,176,351,99,108,51,144,153,61,24,79,130,715,0
2024,575,16,43,6,66,190,88,157,51,54,18,103,105,24,14,36,76,425,0
2022,576,27,50,16,42,137,59,133,44,59,32,81,81,20,23,57,79,288,0
2021,577,17,59,56,111,283,303,540,107,136,73,195,357,96,37,127,98,1046,0
2022,577,17,67,64,132,321,346,633,137,180,69,232,457,108,29,183,133,1225,0
2023,577,17,67,65,158,411,332,612,152,177,79,262,495,79,25,197,116,1290,0
2024,577,2,69,69,138,322,193,367,60,72,84,289,333,61,53,124,108,860,0
2025,577,2,62,62,108,306,146,267,70,77,76,189,239,66,27,77,101,686,0
2026,577,25,35,33,86,226,132,242,62,76,51,109,224,42,3,102,55,584,0
2022,578,4,33,0,7,27,17,28,12,20,11,32,19,8,11,10,26,67,0
2023,578,4,69,8,39,123,56,115,33,47,36,116,36,22,23,44,66,262,0
2024,578,4,63,3,28,81,52,102,11,20,43,103,29,11,27,15,60,199,0
2021,579,10,53,16,37,92,84,117,22,31,29,206,150,41,26,61,111,301,0
2022,579,10,73,6,28,87,87,148,40,70,28,148,127,48,17,68,115,298,0
2024,579,26,11,0,1,4,2,8,0,0,4,10,4,1,1,2,11,7,0
2021,580,18,52,6,55,168,75,131,60,97,45,160,35,19,7,27,52,375,0
2023,580,28,42,10,17,67,31,47,9,16,27,96,25,16,6,15,43,122,0
2024,581,30,19,0,11,29,18,35,5,9,10,16,16,3,1,8,14,74,0
2024,582,27,74,59,101,277,63,125,75,92,42,164,103,48,42,57,77,504,0
2025,582,27,82,29,178,480,98,185,85,94,67,251,111,61,35,74,114,815,0
2026,582,27,63,49,157,404,74,126,100,120,55,314,94,49,27,56,100,719,0
2024,583,5,40,0,12,38,20,39,13,19,12,24,13,7,7,10,40,89,0
2025,583,5,79,5,50,153,78,134,60,76,67,102,39,38,20,27,108,366,0
2024,584,8,50,0,41,138,41,84,22,31,5,56,47,17,7,23,54,227,0
2025,584,8,65,4,94,269,116,217,74,90,17,125,83,39,16,57,151,588,0
2026,584,8,41,12,36,109,69,120,48,60,10,75,44,20,4,28,56,294,0
2021,585,20,71,71,160,389,442,932,348,429,84,639,427,64,18,241,225,1712,6
2022,585,20,72,72,120,390,392,856,303,401,125,591,370,53,39,245,205,1447,1
2023,585,20,77,77,218,636,440,796,402,531,141,626,316,49,21,216,233,1936,0
2024,585,20,46,46,76,244,319,592,236,302,99,324,229,25,12,159,125,1102,1
2025,585,18,69,69,108,314,347,625,270,335,144,343,323,47,16,196,175,1288,0
2026,585,18,64,64,91,293,385,694,324,397,108,338,336,69,16,169,184,1367,3
2022,587,28,36,0,10,28,21,39,9,9,37,35,11,8,4,8,32,81,0
2024,587,30,15,1,13,45,19,33,12,15,19,34,19,10,9,10,14,89,0
2025,587,30,62,31,74,193,136,218,50,73,112,239,60,65,39,54,110,544,0
2026,587,30,56,15,42,127,133,218,62,81,121,193,62,47,37,36,88,454,0
2025,588,23,44,26,69,190,103,188,32,46,46,102,69,45,16,49,98,445,0
2026,588,23,46,5,42,120,35,70,21,23,19,47,52,31,8,25,70,217,0
2021,589,12,72,52,173,453,85,172,67,85,32,224,119,74,41,54,135,756,0
2024,589,8,58,9,55,136,33,58,3,4,9,62,67,36,9,14,69,234,0
2023,590,2,23,0,5,20,2,7,1,2,2,15,9,4,4,2,7,20,0
2021,591,26,36,0,14,38,38,73,21,36,9,21,22,8,3,15,23,139,0
2024,592,25,34,1,12,49,10,25,5,9,30,26,21,9,10,9,35,61,0
2025,592,25,19,0,2,10,6,11,0,2,5,5,7,6,1,5,12,18,0
2021,593,11,13,6,9,34,20,36,3,4,14,35,14,12,14,4,34,70,0
2021,595,15,26,1,10,54,64,156,20,35,18,100,50,15,12,37,47,178,0
2023,595,25,29,11,14,45,67,153,20,28,49,96,98,30,11,43,89,196,0
2021,596,25,37,37,12,30,159,303,70,113,86,246,125,38,39,73,103,424,0
2022,596,25,56,56,15,56,306,544,185,268,167,452,157,62,34,143,189,842,0
2023,596,25,52,52,43,119,219,386,127,192,114,357,149,43,44,119,185,694,0
2024,596,24,76,76,22,90,298,537,167,261,224,613,301,81,80,175,254,829,0
2026,596,29,41,36,25,71,155,287,62,113,106,319,196,52,22,101,134,447,3
2021,597,29,29,0,4,13,10,17,3,7,9,19,9,4,1,4,21,35,0
2022,599,4,21,0,1,2,8,12,3,8,3,8,4,1,2,6,8,22,0
2023,599,4,46,0,4,19,63,101,19,26,37,86,15,17,30,31,65,157,0
2026,601,12,24,6,11,41,32,58,4,8,8,26,58,10,0,18,20,101,0
2021,602,22,10,0,1,2,2,11,4,5,1,13,4,0,2,3,10,11,0
2021,603,18,50,50,122,315,303,560,267,311,133,396,225,39,57,160,186,1239,0
2022,603,18,74,74,150,366,492,848,384,467,194,533,269,72,83,226,267,1818,1
2023,603,18,29,29,60,164,152,264,118,135,48,188,140,20,17,86,111,602,0
2024,603,18,62,62,136,327,343,624,255,292,94,421,189,43,41,177,204,1349,0
2025,603,20,72,72,142,338,497,877,339,409,212,708,222,71,50,192,249,1759,1
2026,603,20,60,60,93,255,307,569,289,339,187,525,168,53,34,150,213,1182,0
2025,604,19,42,7,21,66,114,169,34,44,64,145,46,22,41,43,106,325,0
2026,604,19,51,2,30,68,83,114,22,30,57,124,45,18,46,29,86,278,0
2026,605,16,37,9,45,104,20,56,35,39,30,67,90,24,2,38,70,210,0
2021,606,13,52,52,101,254,364,654,261,295,55,282,269,81,21,105,82,1292,0
2023,606,13,52,50,104,250,342,621,243,279,57,281,204,72,28,88,84,1239,0
2024,606,13,68,68,140,336,470,826,253,286,84,332,244,111,59,119,97,1613,1
2025,606,13,37,37,78,190,232,433,98,121,35,184,116,59,17,72,56,796,0
2026,606,13,49,49,125,336,350,619,292,323,50,263,179,98,23,103,60,1367,0
2025,607,1,31,5,27,82,38,80,11,11,7,43,81,28,9,33,39,168,1
2026,607,1,45,2,34,86,25,59,9,14,3,45,82,21,5,23,42,161,0
2023,608,26,80,78,206,501,148,281,62,81,89,282,98,61,42,60,162,976,0
2024,608,26,77,77,183,511,260,464,103,124,106,314,129,79,59,64,205,1172,0
2025,608,26,76,76,154,449,210,371,60,72,146,361,109,61,69,60,186,942,0
2026,608,26,23,22,31,112,95,188,38,49,33,99,38,24,36,27,42,321,0
2022,609,12,32,11,27,90,42,100,15,17,8,37,62,12,4,33,51,180,0
2025,610,19,14,6,14,43,39,66,22,30,12,46,13,10,10,12,30,142,0
2021,611,27,30,0,5,17,25,50,14,21,9,40,12,11,5,7,11,79,0
2022,611,27,59,14,17,55,119,208,46,61,62,169,41,27,14,45,61,335,0
2023,611,27,67,42,56,142,180,323,119,150,65,183,103,46,20,56,63,647,0
2025,612,16,64,36,35,111,222,353,46,67,116,357,60,39,71,57,111,595,0
2026,612,16,60,29,69,174,207,344,62,81,187,377,33,52,66,51,96,683,0
2021,613,12,35,0,24,60,38,78,9,10,18,60,17,10,10,16,35,157,0
2021,614,27,69,67,60,181,278,524,145,196,93,319,121,40,24,78,142,881,0
2022,614,27,75,74,159,399,312,612,177,234,80,377,158,58,14,92,148,1278,0
2023,614,27,63,63,134,407,369,706,245,327,56,262,183,46,11,134,125,1385,0
2024,614,27,69,27,127,367,264,495,175,221,95,282,195,51,20,100,149,1084,0
2025,614,27,77,0,87,274,284,496,150,194,112,259,125,49,22,77,115,979,0
2026,614,27,63,0,72,193,237,384,120,152,105,247,83,40,8,59,126,810,0
2021,615,25,17,0,2,8,3,12,0,0,3,7,4,2,0,5,8,12,0
2022,615,25,31,1,21,72,13,39,6,11,16,29,19,13,1,17,29,95,0
2022,616,9,40,1,40,119,88,167,69,89,54,123,111,31,19,58,100,365,0
2023,616,29,68,68,93,236,185,321,198,232,82,338,252,60,37,168,232,847,0
2026,616,27,35,0,10,41,32,45,20,30,21,43,40,13,2,22,39,114,0
2021,617,10,55,50,90,285,228,439,123,177,82,247,73,57,42,70,121,849,0
2022,617,4,76,13,191,553,219,379,126,189,79,223,84,77,31,67,189,1137,0
2023,617,4,48,40,108,339,245,480,158,208,65,184,54,68,18,64,141,972,0
2024,617,23,68,52,101,325,286,553,174,232,94,247,101,77,47,87,194,1049,0
2025,617,23,60,57,71,242,277,499,139,185,97,271,108,92,30,80,180,906,0
2026,617,23,39,34,73,193,128,235,91,121,38,147,69,52,21,56,99,566,0
2021,618,2,43,43,127,353,157,323,134,149,16,154,212,48,12,88,61,829,0
2022,618,20,37,37,73,199,76,171,60,71,14,97,131,26,7,48,37,431,1
2024,619,12,15,0,0,2,8,13,5,8,3,2,5,0,0,2,9,21,0
2021,620,16,56,44,122,320,197,338,56,60,21,158,148,52,14,80,108,816,0
2023,621,15,36,0,2,15,33,68,6,13,9,29,58,12,5,18,15,78,0
2023,622,15,24,1,6,17,43,76,16,27,19,32,20,5,2,12,28,120,0
2021,623,21,66,13,52,117,167,294,36,63,84,189,152,55,17,76,143,526,0
2022,623,21,49,0,41,121,105,196,30,55,75,145,108,44,10,46,81,363,0
2023,623,21,53,10,50,134,129,212,17,39,97,164,105,45,14,32,112,425,0
2024,623,21,69,1,56,141,75,139,7,14,61,148,93,38,9,32,101,325,0
2025,623,21,69,7,66,171,105,183,28,39,65,176,97,43,10,39,110,436,0
2026,623,21,44,2,43,104,70,125,27,41,43,102,61,24,5,34,49,296,0
2021,624,10,67,18,75,184,101,208,54,78,26,203,108,69,33,82,158,481,0
2022,624,14,39,14,29,80,16,59,13,17,13,56,34,25,9,21,70,132,0
2021,625,14,67,67,120,293,98,213,97,112,27,152,127,62,26,66,114,653,0
2022,625,30,77,77,159,408,202,421,137,154,41,220,145,83,26,97,139,1018,0
2023,625,8,76,76,135,319,157,313,103,125,35,173,183,112,35,86,145,822,0
2024,625,8,76,76,125,308,145,279,101,113,31,152,183,98,42,75,151,766,0
2025,625,22,77,77,113,330,126,214,82,95,33,136,136,99,34,62,136,673,0
2026,625,15,51,14,55,174,95,192,73,80,20,105,139,43,8,61,57,428,0
2023,626,26,16,0,6,12,1,4,4,7,4,4,6,5,1,1,10,24,0
2024,626,26,57,21,70,168,37,64,26,35,32,92,85,51,29,37,112,310,0
2025,626,26,80,28,139,321,88,143,73,86,60,152,120,121,63,71,176,666,0
2023,627,25,40,0,28,81,39,97,27,41,11,33,59,19,6,43,43,189,0
2025,627,3,79,56,126,401,177,378,107,139,63,234,175,82,30,116,209,839,0
2025,628,16,16,0,3,7,15,19,4,9,6,22,4,5,4,4,11,43,0
2026,628,16,23,0,8,25,18,38,13,17,16,27,2,5,5,10,18,73,0
2022,630,3,48,23,48,136,62,131,16,19,44,128,31,29,24,42,85,284,0
2024,630,26,54,0,20,52,14,30,5,9,9,33,15,10,4,4,26,93,0
2025,630,7,40,18,22,54,45,81,12,13,22,93,42,19,20,16,62,168,0
2021,631,3,35,32,85,189,239,414,210,238,13,234,195,25,45,120,70,943,0
2022,631,3,55,55,115,300,463,815,372,409,29,378,351,48,52,191,113,1643,4
2024,631,24,75,75,168,407,583,1029,362,423,41,454,378,69,91,244,133,2032,1
2025,631,24,62,62,160,372,432,752,303,361,23,351,263,50,77,190,104,1647,0
2026,631,11,59,59,138,343,403,720,320,360,33,291,266,50,53,192,116,1540,0
2021,632,1,69,49,140,386,176,345,50,64,38,193,241,82,18,79,165,822,0
2022,632,1,74,60,160,411,185,349,42,52,32,222,203,55,26,91,185,892,0
2023,632,26,75,75,205,510,215,356,95,131,42,209,221,80,24,97,181,1140,0
2024,632,26,64,59,123,341,125,219,36,47,38,186,166,45,23,53,135,655,0
2021,633,20,42,0,35,89,21,54,16,20,10,51,19,12,6,17,37,163,0
2024,633,9,31,11,31,94,55,92,20,22,18,57,23,13,7,22,50,223,0
2025,633,10,14,0,4,15,14,21,6,8,7,10,5,2,4,4,6,46,0
2021,634,6,25,25,57,156,46,96,42,51,17,169,63,16,2,38,26,305,0
2022,634,6,74,4,187,477,140,284,166,198,87,449,160,26,18,98,101,1007,0
2024,634,16,55,5,84,244,74,115,85,108,59,279,115,18,10,48,97,485,0
2025,634,16,23,9,24,67,17,48,16,23,22,72,22,15,4,14,21,122,0
2026,634,29,34,5,47,131,26,54,32,39,51,146,63,12,9,28,52,225,0
2026,635,20,18,0,6,17,7,17,2,5,9,15,19,6,0,11,18,34,0
2022,636,6,24,3,6,26,9,20,3,4,2,9,30,3,0,7,11,39,0
2021,637,11,26,23,50,161,106,206,69,94,20,79,164,19,8,91,61,431,0
2022,637,11,61,61,155,413,180,395,124,193,43,224,376,69,22,192,156,949,1
2023,637,11,59,59,141,385,250,499,207,264,76,238,338,82,17,188,156,1130,1
2026,637,17,35,33,45,136,176,342,125,144,31,150,258,78,16,103,77,612,2
2023,638,22,34,0,16,43,31,64,31,41,28,42,16,17,5,21,53,141,0
2021,639,10,61,34,4,17,104,180,31,48,117,205,119,21,22,37,136,251,0
2022,639,10,82,80,0,1,208,363,75,125,208,388,165,50,52,67,215,491,0
2023,639,10,82,70,0,1,242,383,94,155,274,486,207,52,50,45,225,578,0
2024,639,10,74,36,0,1,139,232,56,83,143,276,133,28,29,50,155,334,0
2025,639,10,76,6,2,5,141,273,56,99,185,277,118,46,37,39,154,344,0
2026,639,19,18,6,1,9,22,43,5,8,42,54,25,6,9,8,32,52,0
2024,641,29,75,44,147,440,172,375,189,223,15,196,332,36,7,188,91,974,0
2025,641,29,67,35,174,507,185,412,233,285,26,227,377,46,9,183,111,1125,0
2026,641,29,52,52,132,354,258,502,334,375,23,174,325,57,14,164,118,1246,0
2026,642,24,28,0,2,10,19,32,9,13,20,29,4,2,15,19,23,53,0
2022,643,28,55,28,0,14,97,186,53,71,122,117,56,30,26,29,104,247,0
2023,643,28,20,0,1,2,18,30,4,5,8,17,7,5,5,8,24,43,0
2021,644,17,68,68,151,365,360,709,212,236,54,352,370,74,9,178,160,1385,0
2022,644,17,66,66,162,434,290,587,259,291,41,315,358,76,18,190,160,1325,0
2023,644,17,33,19,51,162,126,244,92,102,28,112,163,23,5,71,68,497,0
2024,644,17,55,55,94,247,223,396,100,120,40,217,292,51,15,127,141,828,1
2021,646,9,26,18,20,72,51,129,14,17,6,63,138,27,10,83,57,176,0
2022,646,9,66,40,44,167,132,292,57,74,36,174,277,78,35,111,183,453,0
2023,646,9,76,56,80,286,227,529,92,112,28,193,470,104,28,173,219,786,0
2024,646,9,42,31,22,74,95,209,33,50,11,108,205,36,20,51,75,289,0
2021,647,15,18,1,10,33,9,24,9,11,6,18,8,5,8,2,20,57,0
2022,647,15,36,3,27,86,16,41,5,8,21,39,22,23,15,13,58,118,0
2021,648,19,54,0,40,120,90,217,43,51,12,59,124,38,10,34,88,343,0
2022,648,19,24,0,13,58,46,88,10,12,9,30,49,11,1,26,17,141,0
2023,648,19,25,0,15,34,25,54,19,22,5,28,23,10,2,10,24,114,0
2021,649,11,45,8,35,96,127,222,60,84,73,169,48,30,41,38,89,419,0
2022,649,11,79,2,60,168,219,355,78,123,80,217,101,34,40,60,113,696,0
2023,649,11,82,49,68,216,342,504,151,222,126,326,123,41,30,91,147,1039,0
2025,650,4,36,15,33,130,71,171,41,50,39,70,112,34,6,56,56,282,0
2022,651,10,32,32,114,296,132,277,46,51,15,110,88,16,17,43,54,652,0
2023,651,10,69,69,301,731,245,521,116,132,39,247,163,49,29,123,130,1509,0
2024,651,10,77,63,268,692,222,441,127,137,35,219,176,50,35,117,127,1375,0
2025,651,7,72,72,216,553,145,324,67,74,44,202,145,50,30,88,81,1005,0
2026,651,7,56,8,166,430,67,161,30,40,15,115,76,28,16,54,56,662,0
2024,652,13,44,0,14,48,23,42,1,2,20,42,25,12,6,9,49,89,0
2025,652,13,40,0,6,26,27,46,5,7,19,46,24,7,4,12,23,77,0
2024,653,1,17,0,9,40,25,52,4,8,6,27,27,7,5,10,20,81,0
2025,653,1,10,0,4,19,14,28,13,18,5,16,17,3,2,8,9,53,0
2026,653,14,10,1,3,19,7,17,8,8,1,8,5,2,3,4,6,31,0
2026,654,13,53,15,58,145,78,155,43,53,27,102,87,32,7,70,113,373,0
2026,657,4,63,62,222,505,197,349,156,179,77,263,216,47,16,135,138,1216,0
2021,658,14,15,0,0,0,3,10,6,13,4,15,1,2,4,11,8,12,0
2022,659,25,14,3,1,11,43,91,17,18,9,40,79,23,3,32,38,106,0
2023,659,29,22,3,17,36,99,180,41,53,9,91,124,25,10,35,58,290,0
2024,659,29,66,32,41,111,106,202,22,32,50,139,254,68,28,79,135,357,0
2025,659,13,74,58,75,224,117,213,15,22,53,198,210,128,27,74,197,474,0
2026,659,13,63,57,63,168,124,213,57,73,47,159,230,93,8,91,146,494,0
2024,660,25,62,29,49,183,96,183,37,56,85,139,80,53,21,55,92,376,0
2025,660,25,69,6,27,120,90,159,26,57,76,106,68,35,17,43,66,287,0
2026,660,25,40,15,22,89,72,119,32,45,69,84,47,43,17,33,71,242,0
2021,661,7,43,43,97,258,228,425,118,138,82,299,68,20,58,51,115,865,0
2023,661,30,65,65,137,356,370,662,354,416,114,432,174,58,100,137,196,1505,0
2024,661,2,57,57,110,293,278,459,259,302,97,312,115,42,111,89,156,1145,0
2025,661,2,42,42,103,250,174,324,161,199,68,216,87,31,63,53,116,818,0
2021,663,15,69,69,94,261,214,397,144,184,52,344,250,84,57,86,120,854,0
2022,663,15,69,11,36,109,173,360,67,105,69,299,183,77,45,71,108,521,0
2023,663,18,69,46,43,105,209,390,100,136,66,302,335,78,63,103,146,647,3
2024,663,18,79,10,11,48,188,385,97,137,60,213,331,71,47,91,128,506,0
2025,664,29,72,27,77,220,183,298,93,143,112,328,140,48,22,102,171,690,0
2026,664,29,63,27,54,161,183,320,123,166,119,314,141,59,31,99,192,651,0
2021,665,26,31,0,13,46,16,42,16,20,5,30,32,6,0,11,20,87,0
2022,665,16,19,0,14,40,12,25,8,12,4,13,17,7,1,13,12,74,0
2021,666,14,68,32,137,380,198,377,67,97,108,309,127,35,41,113,121,874,0
2022,666,30,66,66,128,375,295,561,156,219,70,491,233,42,57,169,128,1130,1
2023,666,30,64,64,160,481,352,661,173,237,55,408,239,36,29,190,145,1357,1
2024,666,30,70,70,151,450,457,863,186,240,62,402,296,37,49,192,153,1553,0
2026,666,17,58,33,67,190,219,395,120,166,51,224,150,34,21,91,116,759,0
2021,667,28,46,46,131,331,129,265,140,160,35,212,338,45,14,126,143,791,2
2022,667,16,63,63,144,382,132,245,148,174,33,249,474,67,17,168,177,844,2
2023,667,16,55,44,107,310,89,175,116,135,43,182,281,57,21,103,143,615,1
2025,667,23,35,12,29,88,12,29,27,33,11,56,96,33,11,21,62,138,0
2021,669,3,54,54,152,378,397,708,201,218,52,205,324,76,37,130,140,1451,0
2022,669,3,29,29,100,239,189,377,118,129,16,111,167,41,17,73,81,796,0
2024,669,7,58,58,173,421,389,710,190,210,44,246,299,74,28,106,112,1487,0
2025,669,7,50,50,144,359,303,586,196,214,60,180,231,66,23,111,101,1234,0
2025,670,30,68,38,114,354,89,192,70,93,49,236,169,68,50,97,201,590,0
2026,670,30,48,48,99,260,154,317,105,131,43,202,214,48,43,125,169,710,0
2021,671,16,37,9,12,50,24,46,8,15,21,47,19,10,11,15,59,92,0
2022,671,16,21,0,9,26,21,43,8,11,11,30,14,4,7,5,25,77,0
2023,671,26,35,3,7,21,9,17,7,8,7,27,13,7,7,7,39,46,0
2026,672,5,21,0,2,8,9,20,4,10,16,30,16,4,1,5,25,28,0
2021,673,6,40,0,4,25,58,111,37,51,24,72,25,17,13,23,53,165,0
2022,673,6,63,13,18,65,138,254,53,75,47,117,44,31,18,41,106,383,0
2023,673,6,62,25,30,95,99,193,40,57,48,159,33,27,19,27,79,328,0
2025,673,15,17,1,8,27,21,36,8,11,4,34,8,5,3,10,15,74,0
2022,674,3,47,12,14,46,238,412,89,102,73,185,42,14,47,44,78,607,0
2021,675,4,51,31,92,261,201,411,125,165,63,239,313,81,18,145,136,803,1
2022,675,4,75,75,220,565,318,689,212,243,108,393,571,119,30,245,237,1508,5
2023,675,4,36,36,144,383,152,338,102,122,42,189,304,46,11,129,118,838,3
2024,675,4,22,22,70,197,113,226,90,104,29,84,176,40,4,83,79,526,1
2025,675,4,47,47,179,528,227,475,193,229,47,185,346,54,13,167,157,1184,0
2026,675,4,54,51,190,523,175,397,118,131,44,214,393,62,12,152,139,1038,1
2021,677,3,61,12,129,333,57,123,66,78,11,101,99,31,10,48,93,567,0
2022,677,24,69,14,123,334,68,151,68,81,16,110,108,28,9,41,92,573,0
2023,677,24,40,9,75,199,38,101,45,51,11,56,93,26,5,36,61,346,0
2024,677,30,46,5,53,157,65,117,38,46,16,46,54,25,10,30,76,327,0
2025,677,20,50,0,62,156,44,74,12,18,11,50,27,23,2,22,52,286,0
2026,677,20,39,9,84,203,46,80,48,66,18,52,59,21,8,20,62,392,0
2021,678,24,40,0,36,85,30,62,22,23,7,35,26,8,0,13,25,190,0
2021,679,6,35,27,41,114,87,158,30,49,54,181,107,61,17,55,72,327,0
2023,679,19,65,1,14,42,172,263,55,79,106,248,119,56,37,42,133,441,0
2024,679,19,61,0,27,65,111,176,47,61,94,213,113,61,19,49,98,350,0
2025,679,1,24,3,34,76,46,79,9,13,23,80,38,20,13,16,37,203,0
2026,679,6,27,2,16,50,19,45,3,5,23,48,26,15,4,12,48,89,0
2021,680,5,51,26,119,296,131,225,76,92,35,233,45,26,15,52,75,695,0
2022,680,6,61,61,136,380,177,323,138,159,59,286,81,45,30,54,130,900,0
2023,680,29,66,66,200,511,371,634,349,399,130,440,123,42,38,127,137,1691,0
2024,680,29,55,55,175,439,252,451,249,277,122,327,110,50,26,77,100,1278,0
2025,680,29,47,47,138,399,158,301,162,185,72,206,70,33,17,66,79,892,0
2026,680,29,42,42,115,324,269,481,240,268,84,205,89,42,21,63,77,1123,0
2024,682,4,26,3,9,20,16,32,10,15,9,39,24,8,11,6,19,69,0
2022,684,18,35,2,5,18,12,36,11,13,16,27,21,6,0,13,26,50,0
2023,684,29,14,0,0,4,3,16,0,0,4,3,7,3,1,7,10,6,0
2021,685,14,45,45,104,285,318,538,178,255,29,317,350,48,25,168,70,1126,5
2022,685,14,56,56,161,448,479,773,254,336,63,396,349,73,59,196,121,1695,6
2023,685,14,55,54,121,377,488,842,251,327,65,392,375,50,32,178,88,1590,2
2024,685,14,71,71,149,363,536,906,303,404,61,457,589,89,38,245,78,1822,5
2025,685,14,70,70,149,396,502,874,259,331,72,474,575,70,39,260,99,1710,10
2026,685,14,44,44,63,201,291,501,172,231,32,216,308,48,28,134,59,943,1
2024,686,18,17,0,2,5,11,15,1,2,5,15,8,2,1,1,5,29,0
2025,686,18,13,0,0,5,6,10,8,8,3,8,0,2,1,2,2,20,0
2024,687,10,37,0,32,88,24,53,20,29,21,51,36,6,2,17,44,164,0
2026,688,4,28,0,22,58,12,30,25,31,11,49,23,5,3,12,35,115,0
2025,689,17,13,0,0,2,2,6,5,10,7,5,2,2,2,6,9,9,0
2022,690,17,19,0,9,26,17,35,19,35,3,22,23,5,1,12,17,80,0
2022,691,21,25,1,53,146,18,29,4,5,6,67,24,19,8,11,31,199,0
2023,691,21,41,0,58,162,12,16,16,20,16,59,28,14,11,10,42,214,0
2024,691,21,38,0,37,85,12,19,2,2,7,33,24,5,7,7,23,137,0
2026,691,27,33,0,19,57,5,8,1,1,3,19,12,5,1,5,18,68,0
2021,693,27,60,38,100,282,156,327,57,70,14,141,101,29,15,65,101,669,0
2022,693,27,70,6,111,353,200,411,116,148,18,163,152,44,19,71,98,849,0
2023,693,14,56,32,91,249,145,278,91,106,14,95,64,30,17,46,71,654,0
2024,693,3,58,0,104,271,104,221,45,59,13,114,74,32,20,51,71,565,0
2025,693,23,20,7,45,127,44,85,24,30,6,57,50,10,5,25,27,247,0
2021,694,19,55,55,172,455,118,245,50,64,33,230,316,82,31,123,103,802,1
2022,694,5,35,35,110,260,52,123,21,28,35,155,178,64,31,82,85,455,1
2025,694,5,35,14,67,195,22,48,22,27,25,93,115,47,17,41,55,267,0
2026,694,6,35,3,40,147,13,29,14,21,26,114,136,45,9,52,46,160,0
2022,695,1,56,0,37,102,88,218,67,78,16,71,105,28,3,43,48,354,0
2022,696,26,10,0,8,27,7,20,7,10,0,12,9,2,1,0,14,45,0
2021,698,21,52,52,113,329,134,310,122,164,38,151,88,45,19,79,134,729,0
2022,698,21,51,51,130,391,163,335,161,191,38,174,88,46,18,88,149,877,0
2023,698,21,74,73,135,409,204,464,200,259,128,216,154,75,23,92,243,1013,0
2024,698,21,79,79,156,396,132,261,128,155,74,210,113,72,47,74,228,860,0
2025,698,21,71,71,170,413,88,180,33,46,89,204,115,79,39,51,208,719,0
2026,698,21,54,54,102,301,64,128,37,48,46,162,72,46,22,45,154,471,0
2021,699,7,66,66,192,548,455,803,344,471,54,473,567,64,36,281,152,1830,11
2022,699,7,65,65,201,569,440,834,364,489,56,537,568,75,36,292,145,1847,10
2023,699,7,66,66,185,541,534,908,515,694,54,515,529,90,33,236,166,2138,10
2024,699,7,70,70,284,744,520,908,478,608,59,588,686,99,38,282,149,2370,21
2026,699,14,51,51,190,525,341,594,405,524,35,363,433,75,27,204,122,1657,6
2022,700,9,32,5,16,49,50,98,38,61,58,42,20,9,6,18,55,186,0
2023,700,18,28,0,14,39,49,77,41,52,33,30,18,3,2,14,43,181,0
2024,700,18,25,0,9,32,27,43,18,25,19,12,4,4,1,6,24,99,0
2025,700,18,39,0,10,36,42,69,24,35,31,23,11,6,3,12,29,138,0
2026,700,2,53,4,37,86,103,159,68,90,123,89,50,20,24,31,116,385,0
2021,701,27,33,4,12,43,35,62,16,29,16,52,15,8,8,20,43,122,0
2024,701,29,43,7,13,64,47,94,44,56,22,80,19,5,7,28,32,177,0
2021,702,13,63,17,100,224,97,190,26,31,15,146,104,23,9,48,91,520,0
2022,702,13,70,13,190,423,97,216,69,77,20,209,146,42,6,60,101,833,0
2024,702,15,39,22,107,238,34,77,40,45,11,102,136,20,2,54,39,429,0
2025,702,15,65,11,113,261,93,170,51,57,37,146,215,50,5,72,59,576,0
2023,703,2,69,0,3,13,110,157,32,39,86,111,53,11,46,25,81,261,0
2024,703,2,63,7,1,1,141,202,49,54,118,143,67,23,61,21,77,334,0
2025,703,2,73,16,0,3,187,277,67,97,190,198,117,36,71,31,119,441,0
2026,703,27,53,22,0,0,146,224,75,92,154,183,98,23,59,25,97,367,0
2025,704,6,12,0,0,9,5,11,2,2,8,12,8,1,1,8,6,12,0
2026,704,6,12,0,1,16,8,20,9,9,9,15,9,7,4,3,6,28,0
2021,707,28,47,14,54,168,73,172,45,56,10,106,137,38,7,43,68,353,0
2022,707,28,44,5,30,90,42,93,15,24,10,53,70,20,4,13,45,189,0
2023,707,28,53,2,47,133,40,109,25,33,15,61,70,21,4,25,65,246,0
2023,708,27,66,32,77,255,192,356,58,70,28,153,127,33,7,76,115,673,0
2024,708,27,75,29,93,268,178,360,55,63,28,120,156,27,8,91,94,690,0
2025,708,27,47,0,34,84,53,106,27,33,7,44,38,11,2,34,29,235,0
2026,708,30,28,0,14,37,29,54,28,34,12,32,23,10,3,15,21,128,0
2021,709,12,56,56,145,374,299,606,153,177,58,236,329,49,15,115,110,1186,0
2022,709,12,36,36,58,186,185,357,143,167,33,152,212,30,14,77,71,687,1
2023,709,2,67,0,132,297,222,435,160,184,42,238,248,45,18,98,109,1000,0
2024,709,25,39,25,82,199,136,297,95,116,28,120,214,27,8,60,58,613,0
2025,709,30,24,13,16,56,88,184,81,92,21,70,98,13,5,38,30,305,0
2026,713,10,10,0,2,6,7,12,4,6,10,11,5,5,3,3,9,24,0
2021,714,18,37,36,128,321,136,279,68,80,28,134,88,30,7,60,62,724,0
2022,714,18,79,18,240,637,92,213,49,60,26,201,116,43,12,43,88,953,0
2024,714,17,79,77,224,542,96,180,25,35,41,249,108,59,9,54,158,889,0
2025,714,9,82,18,319,766,142,305,95,140,47,167,139,73,5,83,125,1336,0
2021,716,4,42,0,85,212,88,187,59,72,14,87,87,19,4,55,47,490,0
2022,716,14,76,37,173,442,218,384,93,117,37,219,218,61,29,122,138,1048,0
2023,716,26,77,0,143,398,214,398,184,207,32,171,298,49,20,146,125,1041,0
2024,716,26,72,0,148,423,248,470,170,205,28,184,370,45,39,150,156,1110,0
2025,716,26,65,45,139,428,273,511,154,178,30,215,362,61,38,159,158,1117,0
2026,716,26,51,0,104,258,123,263,74,85,13,85,136,31,18,75,81,632,0
2021,719,17,14,1,1,8,15,32,11,14,8,26,8,7,6,3,16,44,0
2022,719,21,13,3,0,5,25,42,6,11,17,42,2,5,9,7,33,56,0
2023,719,6,22,2,7,21,17,29,2,2,8,22,8,4,9,12,26,57,0
2021,721,14,52,42,50,122,38,72,36,50,38,177,109,26,58,53,115,262,0
2025,723,23,10,4,5,32,22,37,8,10,23,47,10,9,12,7,16,67,0
2022,724,16,12,0,1,4,4,17,2,5,9,14,7,5,3,2,16,13,0
2021,725,13,57,29,140,296,136,288,73,89,35,199,58,34,15,57,117,765,0
2022,725,13,54,54,101,275,199,416,129,148,26,213,113,28,18,69,115,830,0
2023,725,13,65,65,112,308,162,335,68,87,29,229,114,42,21,56,136,728,0
2024,726,9,71,11,90,240,129,272,58,66,11,114,236,44,12,90,103,586,0
2025,726,9,57,1,58,152,79,144,43,51,18,51,133,37,4,54,72,375,0
2026,726,9,21,1,21,51,15,32,10,11,2,17,39,16,2,17,16,103,0
2021,727,2,48,45,93,282,110,228,128,162,36,131,273,72,23,96,126,627,0
2022,727,2,71,71,119,360,181,358,142,179,42,228,417,119,18,159,160,861,0
2023,727,2,61,61,115,342,135,260,88,118,46,145,382,93,23,143,172,703,0
2024,727,15,20,20,42,134,60,103,43,56,6,47,86,41,5,62,53,289,0
2026,727,14,53,46,85,247,80,160,88,109,32,119,151,70,21,82,139,503,0
2023,728,17,52,11,47,142,49,101,27,37,38,77,35,21,7,45,71,266,0
2024,728,17,48,1,30,75,51,91,19,28,22,77,31,13,7,27,54,211,0
2023,730,4,43,17,0,0,160,251,67,97,93,211,18,28,45,40,94,387,0
2024,730,4,19,19,0,0,98,151,46,64,76,108,22,16,20,17,50,242,0
2025,730,4,44,41,0,4,270,443,131,163,132,315,109,32,54,71,105,671,0
2026,730,24,56,52,1,1,260,411,125,163,174,278,56,51,50,59,123,648,0
2022,731,22,18,3,4,17,79,158,25,31,4,45,99,20,5,40,22,195,0
2023,731,22,60,60,27,87,322,592,112,143,69,165,341,87,26,139,131,837,0
2024,731,22,43,18,4,18,150,308,23,33,56,82,120,42,15,50,65,335,0
2025,731,26,21,0,4,8,24,59,1,1,6,14,27,10,2,15,12,61,0
2021,732,14,61,27,65,209,88,169,36,50,48,218,73,22,19,54,105,407,0
2022,732,16,17,1,13,39,41,75,8,9,17,28,23,6,1,20,33,129,0
2024,732,7,26,1,15,42,8,26,5,6,4,35,16,5,3,12,12,66,0
2021,735,8,37,1,18,65,22,41,7,9,1,20,18,4,1,18,23,105,0
2022,735,8,31,0,28,70,11,31,20,23,2,10,7,9,0,7,17,126,0
2022,737,7,34,0,8,25,54,109,22,33,33,70,17,13,12,17,64,154,0
2021,738,26,43,42,37,108,210,382,77,134,106,212,43,21,21,59,100,608,0
2023,738,9,42,25,19,66,183,316,81,108,94,175,36,19,30,46,81,504,0
2025,739,26,10,0,1,8,8,10,4,5,2,7,11,0,1,1,3,23,0
2021,740,9,56,56,0,7,234,374,113,169,145,374,202,43,50,105,186,581,2
2022,740,4,73,73,0,2,205,318,67,171,176,389,226,61,52,100,224,477,0
2024,740,13,46,11,0,6,87,147,70,99,60,174,55,14,17,36,68,244,0
2025,740,24,74,21,0,4,125,198,83,128,116,339,134,33,47,59,154,333,0
2026,740,4,14,2,0,0,9,12,8,12,10,30,16,6,0,9,10,26,0
2025,741,5,80,31,96,266,156,289,88,108,55,223,79,29,75,74,128,688,0
2026,741,5,62,62,132,360,207,362,141,182,61,277,130,41,91,124,149,951,0
2021,742,23,65,8,43,143,59,100,8,18,30,94,63,105,71,32,127,255,0
2022,742,23,66,50,45,144,105,156,34,43,42,109,75,115,71,39,158,379,0
2024,742,25,65,19,80,231,46,86,22,29,30,106,90,113,49,40,93,354,0
2025,742,25,15,5,21,48,21,40,7,15,14,38,28,33,9,13,14,112,0
2026,742,25,12,0,12,26,7,15,10,10,7,14,10,23,7,7,17,60,0
2024,744,19,28,1,41,91,8,22,13,14,6,34,18,6,1,19,32,152,0
2025,744,20,19,0,6,19,4,12,2,2,0,8,3,2,0,3,1,28,0
2022,745,5,40,0,35,91,20,43,16,20,3,47,20,8,3,8,18,161,0
2021,746,6,13,1,4,25,10,31,4,4,6,18,58,4,1,6,21,36,0
2023,746,26,32,0,9,27,8,23,4,7,1,12,41,7,0,10,20,47,0
2022,748,26,47,24,31,101,52,80,20,28,12,100,23,29,24,31,77,217,0
2023,749,14,41,3,26,62,18,44,14,16,7,68,21,9,7,13,33,128,0
2024,749,14,67,7,42,118,61,123,36,46,15,127,60,20,17,35,57,284,0
2026,749,7,58,49,140,337,121,234,94,107,13,190,126,31,18,71,80,756,0
2021,751,16,39,0,50,148,35,39,16,24,5,36,24,11,2,8,43,236,0
2022,751,16,68,16,181,442,68,122,42,53,24,178,92,28,16,57,116,721,0
2023,751,16,80,33,197,563,127,227,78,89,49,209,171,42,12,70,166,923,0
2024,751,6,70,70,168,479,136,249,77,97,66,272,283,64,29,112,170,853,1
2025,751,6,50,37,113,293,52,80,28,34,53,164,158,26,12,54,104,471,0
2021,752,7,50,40,87,212,29,63,34,37,47,213,68,24,35,30,105,353,0
2022,752,7,59,21,83,255,58,99,46,65,70,280,68,30,58,47,137,411,0
2023,752,7,37,5,39,112,38,57,27,38,30,105,52,12,30,27,85,220,0
2024,752,7,43,7,32,92,31,54,33,47,30,113,68,17,30,28,79,191,0
2025,752,7,34,4,13,49,24,47,16,21,25,70,43,9,17,23,66,103,0
2026,752,14,34,1,6,22,22,38,14,22,27,40,22,12,10,13,48,76,0
2026,753,26,56,38,11,45,244,406,75,97,113,286,66,28,25,61,133,596,0
2024,754,14,34,0,1,9,3,12,2,3,2,2,6,2,1,10,5,11,0
2023,755,7,27,1,9,28,37,70,13,19,9,38,58,8,5,19,24,114,0
2026,759,19,49,1,21,90,63,133,13,17,38,55,47,31,6,14,72,202,0
2024,760,29,16,0,9,21,10,19,6,8,10,33,6,4,6,5,14,53,0
2025,760,29,38,10,31,98,26,37,17,20,43,121,31,14,14,31,50,162,0
2026,760,12,30,3,45,109,44,71,55,63,33,107,47,14,11,29,55,278,0
2021,761,22,31,25,15,61,90,209,49,80,39,100,129,25,17,69,81,274,0
2021,763,8,61,54,170,382,273,435,106,134,91,354,70,40,54,77,126,1162,0
2023,763,8,62,62,188,454,210,363,96,120,64,277,65,37,29,68,119,1080,0
2024,763,8,81,81,220,554,302,525,92,110,106,459,122,42,53,92,148,1356,0
2025,763,8,77,77,193,489,335,559,149,194,138,402,165,50,38,104,157,1398,0
2026,763,3,51,51,175,479,262,465,191,223,68,297,157,54,13,119,112,1240,0
2021,764,24,72,72,134,315,229,354,110,131,76,233,152,76,63,57,116,970,0
2022,764,24,82,82,115,312,343,546,131,157,74,273,185,96,36,68,150,1162,0
2024,764,3,82,82,220,592,344,702,258,317,68,304,299,81,30,164,116,1606,0
2025,764,20,82,82,164,463,428,720,96,118,71,188,306,75,43,132,127,1444,0
2026,764,20,64,64,131,340,267,458,67,81,65,193,252,92,53,67,130,994,0
2021,765,29,51,51,138,335,146,305,121,142,36,141,305,70,9,99,98,827,0
2022,765,29,72,72,169,414,175,377,129,162,47,170,385,96,21,123,142,986,0
2024,765,18,76,76,179,405,115,239,102,112,37,181,449,88,17,102,128,869,0
2025,765,18,71,64,127,310,60,158,81,90,32,150,319,79,14,75,111,582,0
2026,765,18,46,9,42,134,14,43,41,46,15,65,130,26,12,27,65,195,0
2021,766,3,13,1,11,31,23,61,21,27,3,29,54,6,1,20,10,100,0
2021,767,21,35,0,68,184,51,83,33,36,19,113,28,8,11,21,54,339,0
2022,767,21,43,0,70,163,43,85,48,57,21,108,22,18,26,14,58,344,0
2021,768,23,51,12,53,155,23,56,8,12,11,109,40,24,14,19,72,213,0
2021,769,4,66,19,116,290,197,332,98,113,81,316,147,44,52,106,143,840,0
2022,769,4,80,80,154,465,442,749,267,333,90,469,300,74,67,150,193,1613,0
2024,769,4,69,67,157,450,402,760,174,211,71,434,231,65,33,138,118,1449,0
2025,769,4,64,64,141,450,328,639,221,254,72,409,248,44,45,136,93,1300,1
2026,769,4,59,59,122,372,247,459,172,206,56,292,201,36,29,85,103,1032,0
2026,770,7,14,0,10,33,6,11,1,1,5,19,12,4,1,6,12,43,0
2022,771,20,40,2,17,68,15,40,8,12,4,38,41,14,1,5,45,89,0
2023,771,20,64,2,40,134,37,81,28,42,13,37,72,37,8,25,60,222,0
2024,771,20,68,14,109,266,96,188,43,50,31,69,114,50,7,30,108,562,0
2025,771,20,64,10,115,312,107,235,52,64,47,114,187,67,17,41,108,611,0
2026,771,20,35,14,102,243,55,119,35,43,22,69,97,30,6,28,64,451,0
2021,773,20,31,29,0,0,115,176,26,53,113,139,17,35,45,26,86,256,0
2022,773,20,72,62,0,0,261,343,88,181,295,322,38,58,133,60,195,610,0
2023,773,20,59,58,0,0,188,280,59,122,267,288,53,56,109,41,160,435,0
2024,773,20,31,21,0,0,73,127,27,66,142,121,18,37,35,25,55,173,0
2025,773,20,17,3,0,0,37,56,13,19,52,49,13,16,18,10,26,87,0
2026,773,20,46,14,0,0,102,144,34,86,200,195,43,37,51,30,105,238,0
2021,774,29,54,0,30,88,5,11,5,6,23,61,28,11,8,16,61,105,0
2022,774,29,16,0,1,8,1,1,0,1,1,6,5,0,0,1,7,5,0
2021,775,22,46,5,38,118,104,183,45,66,76,189,35,14,58,36,87,367,0
2022,775,22,71,69,107,281,189,336,57,73,148,424,85,38,118,77,182,756,0
2024,775,23,57,17,25,64,72,134,34,50,77,161,41,22,60,39,101,253,0
2026,776,20,53,6,38,92,27,51,7,10,11,57,30,14,6,21,40,175,0
2021,777,8,47,13,51,134,135,253,58,73,11,85,150,34,13,34,48,481,0
2022,777,8,75,74,124,314,250,459,73,84,27,199,333,56,14,78,92,945,0
2023,777,30,62,61,78,204,169,311,64,77,26,184,326,43,13,60,75,636,0
2025,777,24,45,0,31,86,52,109,36,42,12,55,73,20,3,21,23,233,0
2021,778,14,69,1,0,10,375,593,181,256,158,270,73,46,49,74,128,931,0
2023,778,23,57,7,0,6,125,203,70,101,67,92,33,17,25,35,75,320,0
2022,779,22,63,3,66,201,131,195,104,129,42,190,87,20,13,56,123,564,0
2023,779,22,57,18,51,163,147,233,153,182,69,190,84,37,13,68,136,600,0
2024,779,22,80,1,38,115,294,437,166,204,117,230,96,39,21,97,160,868,0
2025,779,22,30,1,27,75,113,174,79,110,40,108,42,24,12,49,55,386,0
2026,779,22,22,0,18,51,44,83,47,55,18,51,20,13,1,13,37,189,0
2021,780,21,43,32,0,0,146,268,78,126,154,229,10,31,47,43,93,370,0
2024,780,25,22,5,0,0,33,65,9,31,37,49,7,5,7,11,27,75,0
2022,781,10,52,11,40,110,40,73,28,36,17,63,23,7,10,13,43,228,0
2023,781,10,63,3,49,135,59,92,37,53,28,77,51,18,7,34,54,302,0
2024,781,10,66,9,72,200,122,220,73,93,65,131,57,42,24,44,90,533,0
2025,781,10,74,34,126,337,120,231,106,133,52,137,96,59,31,54,116,724,0
2026,781,10,59,48,147,366,90,171,84,109,50,147,95,55,32,55,118,705,0
2024,783,28,11,0,0,3,11,35,4,9,12,11,5,3,18,12,15,26,0
2025,784,1,33,28,21,81,51,90,32,42,44,95,27,28,33,15,55,197,0
2026,784,1,61,5,30,103,79,139,34,55,74,150,55,50,31,30,107,282,0
2026,785,7,34,1,0,0,49,83,29,66,67,99,8,12,37,25,61,127,0
2023,786,13,22,1,1,2,23,45,10,16,31,19,4,7,8,9,15,59,0
2024,786,13,11,0,0,0,10,19,9,14,15,9,4,5,1,2,4,29,0
2025,786,4,71,8,0,6,167,274,69,116,187,251,56,46,40,61,109,403,0
2026,786,4,56,30,1,2,183,284,100,149,208,283,99,40,55,51,138,469,0
2021,787,10,60,6,85,214,34,51,14,22,8,52,26,12,12,16,56,337,0
2022,788,23,11,0,1,6,4,11,2,2,1,5,3,1,0,3,8,13,0
2021,789,12,47,47,69,206,137,226,111,142,63,243,48,40,159,67,165,592,0
2022,789,12,42,42,61,183,139,210,79,105,65,232,44,28,118,54,119,540,0
2023,789,12,62,62,93,249,309,484,216,276,88,378,89,36,140,103,215,1113,0
2024,789,12,77,77,116,324,360,585,245,317,113,420,100,39,144,109,232,1313,0
2025,789,12,72,72,156,394,234,417,184,238,90,381,111,54,144,123,183,1120,0
2026,789,17,58,58,123,321,118,224,110,147,67,251,87,41,94,66,149,715,0
2026,790,16,32,5,21,50,24,43,15,21,29,61,32,14,5,7,49,126,0
2026,792,6,50,2,20,93,99,164,40,53,68,79,42,36,29,19,101,298,0
2021,793,19,32,10,29,83,53,126,53,75,15,133,88,26,10,38,58,246,0
2022,793,19,55,4,21,105,88,164,74,93,38,104,62,33,8,46,69,313,0
2023,793,19,77,21,66,218,181,353,138,175,48,231,189,54,14,97,113,698,0
2024,793,19,66,1,58,150,112,217,68,86,53,187,128,49,12,65,91,466,0
2025,793,7,69,31,60,218,302,494,130,160,76,252,208,70,11,112,109,914,0
2026,793,7,60,34,50,169,287,473,186,244,53,237,186,63,6,88,116,910,0
2021,794,25,48,2,28,80,50,87,36,45,32,96,23,5,13,18,51,220,0
2022,794,25,42,23,51,154,94,161,69,94,58,178,54,25,36,40,82,410,0
2023,794,25,54,4,58,158,76,145,33,46,27,114,50,20,20,36,66,359,0
2024,794,24,45,2,21,70,36,54,17,20,14,61,21,10,10,14,39,152,0
2021,796,7,21,0,4,19,11,23,7,10,1,8,8,7,2,5,8,41,0
2024,796,11,15,0,7,14,4,12,4,5,7,15,10,3,2,3,11,33,0
2024,797,11,22,0,2,5,25,45,7,13,12,11,7,4,1,4,10,63,0
2025,797,11,20,0,6,26,21,36,5,8,5,8,9,8,4,14,16,65,0
2021,798,1,33,0,6,33,31,67,44,55,27,45,8,9,10,15,22,124,0
2022,798,18,37,2,4,13,41,75,44,60,32,53,22,7,8,18,42,138,0
2023,798,18,38,0,8,22,38,59,39,57,22,34,13,10,6,21,41,139,0
2024,799,4,25,0,0,0,12,28,9,12,29,36,9,6,14,14,64,33,0
2021,801,18,70,15,61,174,243,407,115,166,82,240,72,34,76,69,179,784,0
2022,801,18,77,6,57,166,176,310,114,149,102,199,71,40,71,82,172,637,0
2023,801,18,68,11,75,217,235,360,86,127,73,260,77,42,53,92,176,781,0
2024,801,18,81,14,169,408,237,443,109,148,73,350,106,63,73,111,172,1090,0
2025,801,18,80,17,175,462,251,461,111,143,92,388,181,58,72,108,189,1138,0
2026,801,18,63,2,144,382,186,325,68,97,74,328,150,63,60,101,157,872,0
2022,802,26,15,0,0,0,17,38,11,17,14,17,6,1,8,6,18,45,0
2024,802,2,28,0,0,0,67,104,20,28,53,69,20,13,21,13,50,154,0
2025,802,2,62,6,0,3,132,200,46,61,89,147,45,18,42,40,106,310,0
2026,802,2,59,58,0,6,249,380,95,139,179,314,86,51,78,65,163,593,0
2022,803,10,71,0,54,149,106,193,59,81,62,232,159,41,26,87,128,433,0
2021,804,20,64,41,0,3,137,220,50,70,142,266,46,70,141,65,176,324,0
2022,804,20,25,11,0,3,32,57,21,30,48,93,23,30,31,20,67,85,0
2021,805,3,32,1,1,5,89,140,31,64,43,123,28,23,40,18,68,212,0
2022,805,3,47,19,0,0,178,264,54,93,91,173,43,24,51,38,110,410,0
2023,805,3,76,76,0,2,414,585,133,246,184,518,144,65,189,96,212,961,0
2024,805,3,71,71,1,5,365,577,108,196,193,513,147,46,146,93,175,841,0
2025,805,3,70,62,5,21,315,547,79,154,157,358,157,62,100,87,150,724,0
2026,805,3,57,56,3,16,285,483,124,205,143,264,225,43,68,80,135,703,2
2021,806,4,18,0,0,1,4,8,7,11,4,7,2,0,0,3,7,15,0
2022,806,4,50,5,0,0,60,90,30,43,34,52,13,9,21,24,51,150,0
2023,806,4,65,9,1,1,196,312,137,183,147,269,38,11,71,59,154,532,0
2024,806,4,67,51,0,1,260,375,132,179,172,367,54,26,74,73,176,652,0
2024,807,4,51,0,63,146,50,143,13,15,18,54,59,10,7,39,55,302,0
2025,807,4,60,27,104,306,118,262,43,46,13,115,145,17,6,82,79,591,0
2026,807,14,25,1,27,69,29,64,7,11,2,18,28,9,2,19,24,146,0
2021,808,19,46,13,76,219,116,239,48,66,13,131,102,47,22,69,88,508,0
2024,808,18,82,20,131,335,105,203,52,65,35,132,204,64,42,76,143,655,0
2025,808,18,82,10,141,370,129,246,92,118,54,211,223,50,34,99,139,773,0
2026,808,1,61,54,186,494,224,444,207,232,37,176,230,73,33,130,132,1213,0
2021,809,10,30,1,22,60,17,54,23,28,6,40,70,16,1,31,29,123,0
2021,810,13,67,38,110,272,81,140,48,58,50,266,148,69,37,53,102,540,0
2022,810,13,59,54,108,270,71,117,25,38,29,225,100,58,42,40,80,491,0
2023,810,13,78,19,124,317,36,64,34,48,62,237,121,54,44,50,149,478,0
2025,810,13,78,8,88,203,16,35,17,21,47,171,84,52,36,34,111,313,0
2026,810,13,60,5,76,192,4,9,9,11,20,134,54,41,20,35,83,245,0
2026,812,24,27,0,2,16,13,30,2,4,12,21,7,8,2,8,16,34,0
2021,814,8,72,72,92,237,640,1056,342,394,205,575,599,95,48,222,192,1898,16
2022,814,8,74,74,97,288,667,1023,379,468,206,813,584,109,63,281,191,2004,19
2023,814,8,69,69,57,149,589,873,341,415,167,650,678,87,47,247,174,1690,29
2024,814,8,79,79,83,231,739,1180,358,438,223,753,708,108,68,237,194,2085,25
2025,814,8,70,70,138,331,648,1033,361,451,200,692,716,127,45,230,160,2071,34
2026,814,8,48,48,90,230,398,620,318,382,147,453,494,65,37,181,131,1384,23
2023,815,16,15,8,8,35,20,34,18,19,9,22,10,7,2,10,19,82,0
2024,815,16,46,38,65,163,62,118,33,47,25,167,90,25,14,42,82,352,0
2025,815,16,46,10,78,210,94,167,72,87,26,154,131,38,13,60,82,494,0
2026,815,16,45,1,44,162,69,143,69,101,25,127,100,26,17,65,63,339,0
2022,817,5,73,73,104,331,442,823,92,121,142,662,236,70,71,136,181,1288,0
2023,817,5,82,82,121,347,476,801,132,158,159,744,265,60,57,139,179,1447,1
2024,817,5,76,74,92,313,494,898,106,129,210,591,254,50,60,120,190,1370,0
2025,817,5,73,72,129,321,421,717,120,149,178,557,256,61,52,119,163,1349,1
2026,818,26,60,14,52,166,117,251,48,66,53,152,115,53,19,81,120,438,0
2024,820,3,23,4,12,33,38,60,21,30,26,55,18,8,16,15,25,133,0
2025,820,3,46,20,87,261,46,111,67,80,43,138,40,24,21,46,105,420,0
2026,820,3,57,51,120,358,106,207,164,204,50,188,98,43,40,90,151,736,0
2026,821,22,43,2,25,70,45,96,28,42,61,96,47,22,17,34,53,193,0
2023,822,2,23,1,1,4,10,20,2,2,18,30,7,2,8,11,35,25,0
2026,823,3,41,18,38,118,88,202,48,61,12,54,151,28,14,85,86,338,0
2023,824,13,60,8,114,287,226,423,225,277,24,151,109,50,18,101,125,1019,0
2024,824,13,76,3,167,384,206,384,143,172,16,179,82,43,22,66,137,1056,0
2025,824,13,60,60,179,428,278,517,213,265,21,169,125,73,9,108,114,1306,0
2026,824,16,49,49,139,356,228,420,230,278,18,160,126,59,11,100,105,1103,0
2021,826,20,62,0,26,85,78,124,19,26,26,112,29,17,15,23,55,253,0
2022,826,20,72,10,52,169,199,304,94,124,69,199,77,25,33,56,102,648,0
2023,826,20,67,5,85,247,102,172,38,47,29,158,66,23,12,38,68,497,0
2024,826,12,82,28,102,253,230,326,77,100,85,235,128,47,43,69,143,843,0
2025,826,12,79,4,110,301,207,298,89,114,56,262,128,46,28,68,108,833,0
2023,827,29,59,22,81,228,84,158,56,69,43,78,67,16,15,41,99,467,0
2025,827,28,64,45,101,253,165,281,34,48,61,181,98,58,30,54,125,667,0
2021,828,28,43,43,104,261,145,258,80,102,54,183,94,66,32,75,114,682,0
2022,828,28,48,48,115,317,194,380,89,118,74,190,125,71,25,80,131,822,0
2023,828,28,67,67,142,367,279,518,140,167,95,237,131,128,50,132,200,1124,0
2025,828,20,74,74,171,460,318,567,183,226,97,261,164,110,65,102,172,1332,0
2026,828,20,50,50,108,293,183,316,132,165,67,195,111,87,38,95,124,822,0
2022,829,21,22,2,13,29,45,72,24,29,34,59,19,6,15,22,52,153,0
2024,829,21,15,0,2,6,9,13,10,15,10,26,2,0,7,3,18,34,0
2024,830,7,40,1,13,45,27,59,28,41,25,54,22,7,4,8,20,121,0
2025,830,7,52,4,12,51,58,123,49,76,44,82,40,26,6,14,28,201,0
2026,830,15,38,9,33,81,74,118,53,65,38,83,37,20,9,30,47,300,0
2022,831,16,56,12,1,11,129,236,38,61,85,209,49,17,20,41,84,299,0
2024,831,29,48,12,5,24,94,160,19,28,72,136,29,8,18,37,52,222,0
2024,832,5,23,1,12,44,20,40,4,5,6,26,13,3,2,10,24,80,0
2021,833,1,50,4,0,3,96,146,36,57,62,101,18,23,33,29,100,228,0
2022,833,1,48,6,0,0,156,226,80,110,115,168,53,31,60,44,149,392,0
2023,833,1,80,18,4,13,313,484,153,196,217,359,81,56,107,81,251,791,0
2024,833,1,55,8,23,69,200,296,92,116,145,231,74,26,60,45,162,561,0
2025,833,1,74,40,48,148,340,536,164,216,220,440,168,69,68,90,193,988,0
2026,833,1,58,47,121,312,224,397,120,156,109,345,190,67,59,108,197,931,0
2023,834,16,31,1,0,6,47,83,22,31,48,78,25,12,12,16,53,116,0
2024,834,16,36,7,8,15,28,57,19,25,28,56,34,7,8,18,35,99,0
2025,835,29,14,1,0,0,42,70,23,31,46,76,9,13,1,10,24,107,0
2021,836,12,21,16,33,78,40,73,50,65,29,86,18,19,20,10,32,229,0
2022,836,12,67,25,83,237,125,269,114,164,108,250,72,44,29,54,116,613,0
2023,836,12,65,2,48,155,75,164,104,145,62,156,44,33,13,34,79,398,0
2024,836,2,55,1,15,55,53,98,50,83,61,99,44,19,8,20,54,201,0
2025,837,24,61,6,0,2,113,185,29,50,66,156,71,28,29,39,102,255,0
2026,837,24,63,9,0,1,170,263,39,80,102,200,124,61,39,81,159,379,0
2022,838,10,63,15,80,216,113,200,49,61,86,276,94,68,29,37,83,515,0
2024,838,28,15,1,8,23,6,10,3,3,6,23,8,5,5,2,19,39,0
2023,839,21,39,1,26,98,50,83,15,23,19,86,46,14,7,26,42,193,0
2024,839,21,33,0,21,70,28,46,14,16,10,41,37,8,5,19,22,133,0
2025,839,21,37,1,23,71,31,54,11,16,18,63,31,17,7,18,33,142,0
2022,840,16,71,70,80,193,127,235,45,61,100,287,149,58,15,66,161,539,0
2023,840,23,75,75,55,140,41,85,19,23,95,200,60,39,15,44,180,266,0
2021,841,4,64,61,112,290,190,396,108,145,93,325,161,69,79,128,171,824,0
2022,841,4,65,28,110,301,140,231,58,81,82,255,147,57,61,82,152,668,0
2023,841,4,73,73,149,428,285,550,127,174,73,285,175,66,79,110,193,1144,0
2025,841,7,57,56,91,239,210,426,143,198,82,360,131,63,60,118,131,836,0
2026,841,7,45,42,57,181,179,350,106,156,61,248,86,43,55,84,98,635,0
2025,842,20,18,0,6,19,4,12,4,6,3,15,5,3,2,4,7,30,0
2026,842,20,21,0,4,11,3,7,6,6,3,13,9,3,0,1,3,24,0
2023,843,22,72,72,85,285,394,837,394,534,84,413,269,60,39,200,160,1437,0
2024,843,22,80,80,119,351,521,1056,405,559,82,472,431,71,47,247,153,1804,2
2025,843,22,46,46,87,272,325,639,280,385,51,294,219,36,28,136,97,1191,0
2026,843,22,52,52,60,197,326,642,313,404,62,387,260,35,33,155,99,1145,2
2021,845,28,56,56,73,246,364,715,249,301,95,310,250,64,37,130,174,1196,1
2022,845,28,68,68,75,218,521,989,284,379,128,452,360,85,42,181,225,1551,2
2023,845,28,71,71,93,287,537,1026,367,474,131,425,415,65,36,169,228,1720,2
2025,845,12,78,78,126,324,487,858,226,308,133,407,263,70,42,109,189,1578,0
2026,845,12,54,54,96,261,389,739,230,334,81,280,208,59,23,118,130,1296,0
2021,846,17,69,4,101,272,67,115,31,40,63,269,81,49,23,33,99,468,0
2022,846,17,65,19,146,370,81,126,45,54,45,228,82,59,15,35,86,645,0
2023,846,17,61,33,109,322,56,99,27,41,50,233,77,37,11,33,69,466,0
2024,846,17,76,3,82,238,69,109,44,58,51,188,161,40,19,49,99,428,0
2025,846,17,41,1,26,81,57,96,24,31,19,90,70,9,11,24,45,216,0
2026,846,4,29,0,17,44,16,26,11,16,12,34,17,7,1,9,8,94,0
2025,847,10,39,0,5,22,36,79,11,15,15,31,48,14,3,18,20,98,0
2026,847,10,47,12,37,99,79,172,32,41,35,69,161,34,3,56,58,301,0
2023,848,10,31,0,32,84,11,25,4,6,1,39,11,6,4,11,14,122,0
2024,848,30,38,7,31,97,28,58,19,28,17,106,29,18,15,19,56,168,0
2021,849,13,37,34,56,141,37,79,36,45,29,90,76,29,28,34,108,278,0
2022,849,18,58,54,83,242,94,194,96,133,62,178,268,67,52,73,174,533,0
2021,851,13,38,5,40,112,32,53,13,17,19,56,29,14,8,11,45,197,0
2021,852,5,71,71,54,138,201,390,91,125,66,261,99,64,46,98,126,655,0
2022,852,5,17,9,15,29,39,73,30,41,17,52,15,9,9,16,28,153,0
2023,852,5,82,65,115,277,199,400,90,105,78,249,100,72,70,101,147,833,0
2024,852,5,43,30,59,148,100,211,52,66,46,120,66,40,33,57,87,429,0
2025,852,5,63,36,96,272,109,244,60,83,43,194,124,48,32,86,88,566,0
2026,852,5,55,4,75,196,63,158,35,50,41,120,77,35,16,52,69,386,0
2021,853,27,68,1,161,429,91,182,71,78,18,98,162,42,3,66,81,736,0
2022,853,3,81,48,227,568,97,226,48,59,18,138,183,51,17,73,112,923,0
2023,853,3,40,2,49,134,37,75,25,30,8,36,56,15,3,30,32,246,0
2021,854,13,54,54,171,416,274,537,198,228,45,314,280,62,24,179,132,1259,0
2022,854,13,31,31,91,257,177,379,127,148,12,201,176,67,13,126,74,754,0
2023,854,13,56,56,158,426,301,578,256,294,45,297,288,83,20,176,159,1332,1
2024,854,13,74,74,243,588,339,648,264,291,37,351,262,113,37,153,202,1671,0
2025,854,23,41,41,96,268,149,302,79,97,24,195,178,75,20,106,101,665,0
2026,854,23,27,27,66,173,84,181,65,76,14,125,100,40,13,44,60,431,0
2021,855,8,56,36,49,143,142,258,71,98,76,186,98,51,36,51,111,502,0
2021,856,23,26,0,0,6,42,72,4,8,30,31,12,10,13,12,29,88,0
2022,856,23,38,2,2,8,52,88,6,14,44,48,16,33,14,10,57,116,0
2023,856,23,69,2,1,6,123,203,38,51,112,150,27,46,51,45,123,287,0
2024,856,23,82,24,21,57,238,423,61,85,193,295,109,67,84,67,198,600,0
2025,856,9,45,0,8,28,64,114,32,42,40,83,44,39,25,26,75,184,0
2026,856,9,45,8,10,29,119,186,38,60,92,112,51,40,36,42,80,306,0
2021,857,28,27,2,30,64,8,18,5,8,4,41,17,6,3,9,36,111,0
2021,858,2,66,4,102,248,82,170,40,45,33,125,120,37,9,53,104,510,0
2022,858,2,71,2,101,245,59,128,21,21,32,102,139,25,6,41,61,442,0
2023,858,2,48,3,56,154,45,91,12,16,25,63,64,14,1,40,37,270,1
2024,858,2,82,5,147,382,150,253,46,56,70,195,281,39,6,61,106,787,0
2025,858,2,80,3,255,626,154,240,71,84,102,205,279,70,14,83,118,1144,0
2026,858,2,62,48,160,442,234,415,97,112,54,202,331,47,7,81,87,1045,0
2025,859,16,55,8,32,95,57,108,41,61,28,64,65,32,7,24,91,251,0
2026,859,16,53,40,47,145,149,254,113,145,45,133,178,35,13,65,105,552,0
2026,860,17,30,0,29,59,26,38,0,0,12,48,17,7,5,14,24,139,0
2022,861,8,13,0,1,8,4,7,3,4,7,7,3,1,1,4,7,14,0
2023,862,8,23,2,6,14,23,45,11,20,8,29,11,2,11,8,14,75,0
2024,862,8,80,4,45,152,163,295,71,106,56,202,86,42,88,58,143,532,0
2025,862,8,68,18,48,136,156,292,95,137,47,186,94,48,93,56,123,551,0
2026,862,8,49,39,75,180,189,352,128,176,45,195,96,50,58,86,121,731,0
2021,864,8,50,6,47,149,101,206,42,66,35,147,92,31,22,46,86,385,0
2022,864,8,18,0,15,48,21,51,10,13,14,49,29,11,6,13,33,97,0
2023,864,26,16,0,2,16,8,17,0,0,1,13,10,6,1,5,7,22,0
2025,865,8,19,0,2,8,12,16,3,4,6,16,4,0,4,2,11,33,0
2021,866,16,61,4,0,1,124,227,56,110,73,135,29,20,28,43,91,304,0
2022,866,28,73,28,56,156,209,447,78,131,146,327,82,37,41,84,151,664,0
2023,866,28,55,12,29,108,167,296,87,124,100,228,50,31,30,59,102,508,0
2025,866,20,57,10,10,36,154,291,41,69,101,216,55,47,42,45,81,379,0
2026,866,26,56,40,21,67,186,327,48,87,120,218,72,52,35,39,94,483,0
2022,867,20,46,6,72,189,23,46,13,19,24,70,44,31,11,28,72,275,0
2023,867,20,71,66,157,407,125,195,78,98,49,180,150,47,26,69,177,799,0
2026,867,23,57,10,104,302,136,233,142,170,36,170,195,51,21,107,117,726,0
2025,868,12,28,7,15,40,43,82,31,40,14,30,53,21,5,16,43,162,0
2026,868,12,33,10,32,82,66,122,69,85,19,53,72,19,6,37,57,297,0
2021,871,27,20,0,1,6,15,29,13,16,3,8,8,8,2,10,18,46,0
2022,871,10,11,0,1,5,11,16,5,5,2,12,5,1,1,3,15,30,0
2025,872,10,42,14,73,179,50,95,21,27,35,113,56,16,18,33,83,340,0
2026,872,10,61,32,85,252,87,143,31,39,63,186,84,25,30,49,116,460,0
2022,873,22,64,14,64,183,111,274,75,117,23,171,158,42,13,87,101,489,0
2026,876,24,37,0,21,67,21,43,8,15,31,35,9,9,7,13,30,113,0
2021,877,30,64,22,64,164,145,283,75,85,28,128,146,73,6,53,109,557,0
2022,877,30,70,19,35,120,169,321,83,108,13,121,217,55,3,79,104,526,0
2023,877,6,48,1,12,42,45,68,31,34,10,36,79,17,4,24,49,157,0
2024,879,25,39,12,28,78,26,83,19,25,24,68,62,12,3,31,56,155,0
2025,879,25,52,0,16,59,42,83,23,30,26,44,25,16,4,30,37,155,0
2025,880,12,11,0,6,21,5,12,2,2,2,10,14,7,2,5,7,30,0
2021,881,23,14,0,2,7,7,11,14,19,1,10,6,2,0,4,8,34,0
2025,883,11,52,3,48,142,36,97,13,16,16,62,75,35,17,37,53,229,0
2026,883,11,62,10,165,414,142,294,58,73,22,148,202,89,40,89,126,837,0
2021,884,20,65,64,163,398,85,163,50,55,16,207,99,52,11,45,146,709,0
2022,884,7,68,37,141,392,60,109,40,48,33,208,83,41,14,40,111,583,0
2023,884,7,78,55,151,397,41,73,26,37,32,251,108,54,13,36,166,561,0
2024,884,11,44,0,27,67,7,15,1,1,6,67,15,12,5,10,29,96,0
2021,885,13,67,43,122,282,141,303,67,82,24,168,205,41,7,74,127,715,0
2022,885,13,75,75,167,512,312,710,138,163,39,232,359,55,15,173,159,1263,0
2024,885,8,82,23,102,284,224,472,79,98,33,122,308,44,13,106,149,833,0
2025,885,23,31,1,25,74,27,59,7,9,8,34,45,16,3,17,34,136,0
2021,886,3,26,0,4,21,28,57,10,13,27,46,14,6,6,15,40,78,0
2021,887,26,61,61,2,11,364,564,135,170,144,360,101,39,96,75,213,869,0
2022,887,26,45,37,2,5,196,295,70,90,93,224,48,17,41,56,128,468,0
2023,887,26,42,1,5,8,50,81,15,19,29,51,9,3,11,14,50,130,0
2025,887,30,31,7,0,3,90,136,50,60,62,115,42,9,23,21,49,230,0
2024,888,23,32,0,12,32,42,80,53,71,14,32,16,8,1,5,17,173,0
2025,888,23,73,12,55,213,122,250,123,153,51,163,97,32,13,52,67,532,0
2021,889,18,68,51,66,214,127,284,130,150,28,195,433,98,4,111,139,582,0
2022,889,6,34,8,59,174,90,237,88,103,15,126,225,49,7,90,75,445,0
2023,889,6,33,2,21,82,40,96,28,35,9,61,115,26,6,31,51,171,0
2021,891,20,72,72,124,309,343,751,206,276,68,346,217,53,20,139,188,1264,0
2022,891,20,70,70,138,404,349,790,290,406,66,342,208,43,16,151,142,1402,0
2023,891,20,73,73,121,390,389,786,290,392,60,308,201,31,15,164,179,1431,0
2025,891,28,58,58,107,306,353,676,196,311,61,305,314,46,17,165,137,1223,2
2026,891,28,38,38,66,187,185,336,126,179,33,171,130,30,11,63,94,694,0
2022,892,6,14,0,0,2,6,16,3,4,3,4,12,1,0,3,2,15,0
2025,893,18,49,1,25,74,68,137,8,15,12,38,98,20,1,53,37,219,0
2021,895,25,70,70,135,356,69,153,50,62,61,405,117,101,84,64,195,593,0
2023,895,13,48,0,54,136,48,93,30,40,31,135,57,38,33,32,86,288,0
2021,897,2,52,13,0,2,186,256,45,73,133,225,94,43,91,52,105,417,0
2022,897,2,61,61,0,1,271,367,65,90,238,350,121,56,134,63,137,607,1
2023,897,2,35,20,0,1,127,169,25,41,104,188,50,22,48,34,68,279,0
2025,897,25,20,3,1,3,49,75,15,17,35,83,21,13,33,17,31,116,0
2026,897,25,44,1,7,19,125,159,27,42,95,198,47,31,67,38,52,298,0
2021,898,26,13,0,1,6,7,14,3,8,4,12,2,0,3,1,4,20,0
2022,898,26,12,0,1,4,1,12,2,2,5,6,3,1,1,1,3,7,0
2021,899,30,71,9,5,18,264,407,99,137,141,131,55,15,44,75,109,642,0
2022,899,22,36,9,2,6,108,193,32,54,68,58,54,2,18,44,67,254,0
2023,899,6,37,2,2,4,46,71,14,18,23,28,19,2,8,25,43,112,0
2024,899,17,16,2,2,8,5,11,2,2,3,2,4,1,3,2,7,18,0
2021,903,9,16,2,11,24,26,46,6,8,8,14,16,8,1,7,12,91,0
2022,903,9,51,2,58,146,40,79,19,26,31,80,48,21,7,24,58,273,0
2023,903,9,32,12,41,97,21,55,18,22,20,54,28,16,1,11,39,183,0
2021,904,2,18,4,5,18,16,41,9,12,12,23,13,6,5,10,24,56,0
2023,904,27,43,21,16,61,105,198,39,56,57,57,50,24,13,30,67,297,0
2026,905,2,18,2,14,49,6,11,1,2,14,17,12,3,8,4,15,55,0
2025,906,9,81,2,36,151,161,265,92,122,40,178,82,49,17,72,141,522,0
2026,906,9,58,5,36,155,141,257,94,116,67,184,78,73,19,74,132,484,0
2021,907,25,11,1,0,1,9,17,9,16,11,15,13,2,4,2,15,27,0
2021,908,29,71,71,107,278,68,116,39,46,88,397,181,57,32,83,182,496,0
2022,908,29,77,77,119,306,84,138,45,56,64,304,191,86,32,79,183,570,0
2023,908,3,76,53,163,419,66,174,50,69,55,329,283,65,49,114,239,671,1
2025,908,24,75,22,179,441,62,129,19,26,53,296,163,67,34,65,151,680,0
2026,908,24,63,58,170,427,47,98,21,30,49,260,177,70,21,92,146,625,0
2021,909,27,63,1,106,278,158,350,82,102,42,261,88,45,40,65,115,716,0
2022,909,29,55,1,70,203,87,176,62,79,55,187,56,25,19,47,95,446,0
2023,909,29,56,0,33,130,76,157,42,49,33,130,57,19,18,37,68,293,0
2021,910,29,71,71,0,4,391,575,233,374,240,720,89,40,190,118,163,1015,0
2022,910,29,66,66,0,4,362,504,303,439,241,727,72,45,137,119,176,1027,0
2023,910,18,70,70,0,3,360,543,219,340,231,583,87,56,95,122,210,939,0
2024,910,18,76,76,0,3,406,611,249,390,285,697,102,52,162,118,238,1061,0
2025,910,18,72,72,0,0,341,510,184,273,265,520,127,56,104,89,182,866,0
2026,910,18,61,61,0,4,272,380,126,252,235,463,106,48,100,82,164,670,0
2021,911,30,57,57,45,137,265,511,124,161,49,263,82,44,7,68,120,789,0
2022,911,30,42,13,55,123,132,258,46,66,25,135,48,23,9,33,53,475,0
2024,911,14,68,39,98,232,265,444,99,134,58,236,81,41,25,46,101,923,0
2025,911,14,59,57,102,247,191,329,87,113,79,216,83,45,26,49,105,775,0
2026,911,14,51,32,92,207,137,249,41,54,29,139,46,29,15,35,79,591,0
2021,912,30,65,65,86,273,458,965,271,413,109,641,763,89,23,312,190,1445,38
2022,912,14,78,78,79,265,469,968,266,399,110,470,550,75,20,295,235,1441,10
2024,912,13,68,11,42,154,259,509,110,160,93,250,306,74,23,144,121,754,1
2025,912,8,75,36,94,291,279,540,154,233,102,268,457,106,37,242,188,994,4
2026,912,26,59,53,119,353,217,428,113,161,75,239,377,77,10,200,141,904,4
2021,913,5,44,0,25,67,24,50,13,20,5,62,56,9,0,10,47,136,0
2022,913,20,10,0,4,9,2,3,0,0,0,8,4,1,0,3,5,16,0
2024,913,20,20,0,0,6,0,0,0,0,0,8,4,2,0,2,5,0,0
2025,915,24,74,44,82,264,123,213,19,39,92,175,57,44,40,40,162,511,0
2026,915,24,56,14,45,141,86,163,20,40,82,154,82,47,24,47,115,327,0
2026,916,4,52,30,0,2,172,229,64,93,133,172,41,29,78,48,82,408,0
2026,917,7,42,17,36,95,77,171,15,19,8,69,199,13,1,62,56,277,0
2023,918,10,12,0,3,9,4,11,6,6,3,9,6,1,1,16,10,23,0
2025,918,17,56,19,49,120,83,151,36,45,21,87,104,42,17,53,88,349,0
2026,918,17,60,54,145,357,239,473,89,117,47,239,332,90,26,154,162,1002,0
2021,919,9,48,7,8,23,91,187,61,89,20,77,174,32,13,55,76,267,0
2022,919,9,37,0,14,60,55,117,56,71,18,69,107,36,12,36,44,208,0
2024,919,24,24,0,2,16,18,39,29,39,9,22,30,7,3,8,13,71,0
2021,920,9,70,53,175,460,104,231,124,147,43,275,95,52,14,60,110,857,0
2022,920,9,82,82,211,610,239,526,210,254,107,334,233,73,16,96,128,1321,0
2024,920,1,63,51,113,358,177,339,170,203,167,244,92,51,11,54,88,863,0
2026,920,19,58,50,116,328,226,426,208,244,94,237,145,53,4,53,69,1008,0
2022,922,2,26,0,19,44,4,6,0,0,5,24,10,1,2,2,7,65,0
2023,922,2,80,8,140,335,40,61,12,17,35,169,71,29,21,30,99,512,0
2024,922,2,79,13,197,465,52,93,17,19,45,231,82,40,25,32,99,712,0
2025,922,2,71,19,166,399,48,75,11,11,44,180,64,41,13,23,87,605,0
2026,922,2,60,32,154,396,38,72,13,14,43,188,89,32,20,30,86,551,0
2021,923,17,30,2,21,47,11,25,4,4,6,24,21,8,1,10,17,89,0
2024,923,6,61,1,143,354,15,39,26,28,22,98,108,19,4,19,72,485,0
2025,923,6,71,4,137,368,35,56,28,29,38,119,108,53,14,35,124,509,0
2026,923,6,39,27,131,284,39,72,41,48,24,63,85,22,5,36,97,512,0
2022,924,17,41,3,22,52,35,63,18,22,35,47,22,9,9,15,28,154,0
2024,924,27,46,5,19,64,54,91,25,34,45,102,49,7,12,19,35,190,0
2025,924,27,61,0,60,161,81,120,43,58,62,125,48,22,17,26,60,385,0
2026,924,28,60,11,81,215,163,257,84,110,88,201,110,44,34,49,114,653,0
2022,925,15,32,0,6,48,47,84,20,32,33,54,21,6,10,16,36,132,0
2023,925,15,77,20,94,266,153,259,108,144,85,286,97,45,48,60,143,696,0
2024,925,15,61,35,106,304,141,264,54,87,72,280,138,43,54,69,89,654,0
2025,925,15,65,16,120,326,193,322,65,94,94,322,188,52,29,71,76,811,0
2026,925,15,43,11,70,200,158,276,76,114,67,220,126,37,31,55,69,602,0
2024,926,26,42,0,45,120,39,71,12,15,30,66,19,20,7,12,42,225,0
2024,927,25,62,32,87,268,220,529,167,204,53,141,336,48,13,212,195,868,0
2025,927,25,66,10,105,297,182,388,158,206,52,146,335,68,13,177,181,837,0
2026,927,25,12,3,15,64,30,61,35,42,10,24,52,4,3,35,35,140,0
2022,928,28,74,74,58,193,401,739,158,215,195,362,256,80,55,136,192,1134,0
2023,928,28,77,76,63,224,400,792,190,246,179,333,371,83,61,154,170,1179,1
2024,928,28,60,60,101,296,346,646,196,251,141,353,363,75,88,165,118,1191,4
2025,928,28,65,65,76,280,398,783,228,302,109,393,378,93,63,185,113,1252,1
2026,928,28,60,60,53,178,391,706,194,234,124,356,325,82,95,161,171,1135,2
2024,931,15,21,16,30,72,70,131,41,55,22,45,98,36,10,56,60,271,0
2025,931,15,79,21,87,219,198,375,122,171,65,194,347,103,30,138,203,779,1
2026,931,15,10,6,10,32,33,64,18,23,8,14,47,19,4,27,31,114,0
2021,932,15,18,0,5,22,8,11,8,8,6,13,4,2,3,4,8,39,0
2021,933,9,56,11,26,115,81,167,45,64,39,104,47,24,9,44,94,285,0
2021,934,2,56,15,58,158,31,63,24,32,31,116,37,17,0,21,56,260,0
2021,935,13,41,39,39,115,147,250,43,53,73,202,74,9,47,44,76,454,0
2023,935,17,16,0,6,18,20,36,8,13,15,29,4,2,7,11,23,66,0
2021,936,23,57,57,126,280,132,272,69,77,10,126,155,44,8,65,96,711,0
2023,936,3,61,7,94,232,114,217,51,55,13,87,99,36,7,51,96,561,0
2025,936,4,68,14,83,182,81,161,33,39,24,89,60,27,7,32,59,444,0
2023,938,25,80,15,102,283,204,365,75,105,63,173,94,38,24,83,136,789,0
2024,938,25,32,25,60,180,116,254,98,119,42,118,94,28,12,72,88,510,0
2025,938,25,72,52,147,472,352,632,190,242,68,256,198,62,16,150,120,1335,0
2026,938,25,48,42,101,297,285,550,152,194,48,164,126,68,6,144,95,1025,0
2021,939,21,35,35,71,170,216,395,185,229,19,147,207,27,23,106,70,830,0
2022,939,21,56,56,89,297,388,755,328,405,37,241,331,71,46,154,142,1371,1
2023,939,21,68,68,58,168,646,1213,669,739,59,270,371,112,65,192,192,2135,0
2024,939,21,75,75,95,269,701,1218,567,649,65,350,465,150,67,162,184,2254,0
2025,939,21,76,76,163,435,697,1221,601,669,67,312,486,131,77,183,164,2484,0
2026,939,21,53,53,90,236,483,808,441,493,27,206,341,72,41,114,107,1677,0
2021,940,23,63,4,71,203,229,464,146,176,33,115,193,39,18,103,130,817,0
2022,940,23,55,6,43,133,130,270,61,73,30,112,139,28,17,44,99,450,0
2023,940,23,76,11,56,148,185,355,99,116,39,152,240,25,13,94,123,637,0
2022,943,1,13,0,1,6,2,8,0,0,0,5,5,0,0,5,1,7,0
2026,943,30,21,0,14,37,46,81,21,27,10,35,50,7,2,29,31,155,0
2024,944,27,12,0,1,12,15,21,12,15,8,14,10,7,3,3,18,45,0
2026,944,25,58,24,55,175,62,117,53,78,53,87,86,48,22,61,155,342,0
2023,945,29,52,6,63,191,52,121,35,44,31,55,42,15,8,39,62,328,0
2025,945,9,75,0,76,227,74,146,70,84,52,163,65,31,12,54,95,446,0
2026,945,16,58,5,99,278,55,118,73,87,45,135,85,31,9,43,85,480,0
2026,947,4,64,19,63,176,44,111,72,85,38,184,125,37,19,55,117,349,0
2021,949,1,33,0,14,40,30,58,22,25,10,25,30,14,2,9,15,124,0
2022,949,1,28,5,8,25,24,39,8,9,5,20,17,7,0,10,9,80,0
2021,950,1,71,16,68,212,39,86,35,46,42,172,75,50,11,42,116,317,0
2022,950,1,13,1,2,13,1,7,0,0,6,17,12,4,2,1,16,8,0
2025,951,7,79,30,109,326,175,356,195,243,18,191,349,70,17,102,121,872,0
2025,952,8,20,0,1,17,10,17,3,3,8,9,5,5,5,5,17,26,0
2026,952,8,52,34,51,126,57,90,29,47,57,109,42,43,23,27,145,296,0
2021,953,28,61,13,45,137,44,96,44,55,29,124,89,52,18,54,116,267,0
2022,953,14,48,27,33,105,84,146,53,74,34,121,80,43,14,35,109,320,0
2023,953,27,30,0,18,40,47,82,26,39,22,73,67,16,6,33,48,174,0
2024,954,9,24,2,24,53,13,31,29,32,8,43,11,8,7,14,40,127,0
2025,954,17,22,0,3,15,2,11,2,4,4,13,4,3,6,3,8,15,0
2021,955,10,63,63,337,801,321,564,362,395,29,316,363,77,8,213,119,2015,0
2022,955,10,64,64,285,750,250,474,275,298,34,301,404,85,23,206,130,1630,2
2023,955,10,56,56,273,639,286,494,257,281,39,302,352,52,20,179,117,1648,1
2024,955,10,74,74,357,876,293,569,299,324,37,293,379,54,28,210,117,1956,0
2025,955,10,70,70,311,784,253,474,279,299,40,270,421,80,30,200,95,1718,0
2026,955,10,39,39,175,448,173,296,190,204,16,122,189,44,16,111,74,1061,0
2025,956,27,81,47,95,333,328,655,249,344,89,208,332,74,22,177,164,1190,0
2026,956,27,53,52,53,182,243,453,215,298,65,194,369,69,18,169,174,860,2
2021,957,11,51,14,91,215,59,120,25,31,38,186,72,38,12,41,97,416,0
2022,957,7,49,3,28,92,31,63,14,15,26,123,34,14,7,23,56,160,0
2021,958,19,58,58,0,3,189,305,60,135,213,301,111,54,38,78,113,438,1
2022,958,15,76,75,0,1,210,383,108,199,349,411,256,65,60,115,153,528,0
2023,958,15,42,42,0,1,157,262,47,129,214,271,97,36,46,79,98,361,0
2025,958,11,58,3,0,2,91,165,43,93,166,161,66,22,28,54,60,225,0
2026,958,11,32,11,0,0,70,139,47,81,145,131,48,22,20,35,55,187,0
2022,959,28,56,5,41,134,50,100,32,37,20,72,45,26,4,32,54,255,0
2024,959,2,41,2,42,108,15,29,6,9,11,40,35,11,1,12,19,162,0
2025,959,29,38,13,70,203,48,99,28,35,22,68,76,19,7,52,43,334,0
2026,959,29,48,41,89,221,73,118,25,28,34,84,91,24,3,39,62,438,0
2021,961,12,69,3,15,48,259,442,33,48,55,201,456,128,23,135,113,596,1
2022,961,12,27,8,10,33,90,175,19,23,20,70,131,29,10,29,53,229,0
2023,961,12,75,6,26,59,257,462,58,68,45,189,397,81,10,143,105,650,1
2024,961,12,71,4,18,44,312,549,49,62,36,155,390,72,8,108,79,727,0
2025,961,12,79,1,15,49,309,575,57,77,44,149,351,83,21,109,79,720,0
2026,961,12,46,1,13,42,188,334,17,20,18,80,218,50,8,57,55,432,0
2024,962,18,11,0,2,13,16,28,3,4,5,17,9,4,1,4,11,41,0
2021,963,2,19,0,0,0,21,29,5,15,16,36,3,1,20,6,22,47,0
2022,963,6,11,1,0,0,5,12,2,7,7,16,2,0,6,3,3,12,0
2026,964,12,27,0,26,83,7,11,5,10,6,30,30,14,4,16,20,97,0
2021,965,20,45,3,3,15,96,143,40,55,99,151,36,31,49,22,99,241,0
2022,965,20,52,4,15,38,71,128,42,52,88,141,32,22,40,27,137,229,0
2023,965,30,49,2,8,24,57,101,30,42,32,61,34,15,12,26,84,168,0
2025,965,4,37,11,1,2,46,93,12,20,51,69,21,9,18,25,54,107,0
2021,966,14,65,4,37,131,187,358,100,129,25,144,181,63,21,105,127,585,0
2022,966,14,60,19,49,182,175,356,100,125,37,156,159,59,29,82,148,597,0
2023,966,29,65,20,58,203,199,410,126,168,41,169,246,41,29,126,108,698,0
2024,966,29,51,11,60,182,124,283,88,109,21,100,177,45,19,65,94,516,0
2025,966,5,58,0,41,122,92,169,72,98,19,81,83,21,11,40,59,379,0
2023,967,11,82,5,59,172,237,488,109,145,195,301,88,96,47,101,189,760,0
2024,967,11,22,0,18,50,70,139,21,33,46,107,27,31,19,20,51,215,0
2025,967,11,57,16,63,184,209,375,79,104,128,234,83,97,50,65,136,686,0
2026,967,11,40,26,76,187,96,207,28,40,77,175,66,51,23,58,95,448,0
2022,968,18,69,8,86,229,91,161,62,82,26,148,68,47,23,53,116,502,0
2023,968,18,54,4,74,194,103,185,65,77,15,117,84,28,15,69,123,493,0
2024,968,14,78,49,141,356,112,216,50,68,21,209,119,58,35,73,146,697,0
2025,968,17,80,73,147,335,88,179,39,48,34,253,155,76,15,82,165,656,0
2024,969,29,40,23,53,140,55,100,23,29,46,139,32,28,30,27,77,292,0
2021,971,13,67,10,38,91,140,259,78,94,56,186,104,29,13,40,126,472,0
2022,971,13,81,33,76,208,258,482,128,164,104,321,209,55,21,84,178,872,0
2023,971,13,81,36,77,198,195,326,92,118,77,199,184,42,22,80,149,713,0
2024,971,13,75,71,71,204,183,289,79,95,87,167,119,43,15,48,145,658,0
2026,971,3,55,46,49,136,103,193,59,74,64,112,178,36,14,61,136,412,0
2022,972,26,30,11,49,149,64,118,36,44,11,83,40,25,11,33,70,311,0
2023,972,26,64,5,89,243,65,121,34,43,20,119,67,43,12,53,104,431,0
2024,973,23,16,0,13,35,5,11,3,5,0,4,12,8,0,7,8,52,0
2021,974,23,13,0,0,5,1,2,0,0,0,1,2,1,0,4,7,2,0
2021,975,22,46,2,89,264,165,352,120,138,15,143,108,47,21,74,88,717,0
2022,975,22,63,0,77,264,143,290,112,130,20,141,116,28,12,75,68,629,0
2025,976,18,32,1,11,31,44,83,17,21,10,37,32,7,5,15,27,138,0
2026,976,18,27,0,15,41,19,48,25,31,6,22,15,8,1,17,35,108,0
2021,977,4,69,69,222,571,288,563,165,202,47,255,293,87,26,128,119,1407,0
2022,977,4,73,73,222,593,296,574,150,176,56,259,326,93,25,96,119,1408,1
2023,977,4,63,63,165,505,328,683,178,220,51,208,319,74,16,134,119,1329,0
2025,977,16,64,23,91,308,157,327,92,108,44,194,167,37,14,78,73,679,0
2022,978,12,33,7,12,38,123,182,36,51,95,77,41,14,8,23,61,318,0
2024,978,5,31,0,2,9,18,30,4,5,17,20,10,5,2,7,17,46,0
2021,979,5,68,23,12,45,358,617,71,113,168,255,291,74,40,137,152,823,0
2023,979,28,54,9,6,34,102,164,18,26,71,95,75,54,5,42,88,240,0
2021,980,17,57,3,7,29,60,108,25,49,54,70,46,22,10,43,74,166,0
2022,980,17,48,6,2,14,68,114,29,46,40,61,22,16,12,26,68,171,0
2023,980,17,37,0,0,8,20,38,11,22,15,29,15,3,3,12,22,51,0
2024,980,17,34,0,0,1,16,29,0,2,7,6,17,7,4,14,24,32,0
2026,980,17,24,0,0,2,9,16,10,16,8,7,3,8,4,3,10,28,0
2021,981,21,65,49,105,313,121,301,101,135,25,186,227,56,11,141,126,658,0
2022,981,21,51,7,44,150,75,167,79,100,20,111,111,31,11,65,67,361,0
2023,981,4,44,7,28,95,74,159,63,74,14,109,152,37,12,59,61,295,0
2021,982,20,17,0,0,8,1,1,0,0,0,5,1,0,0,1,4,2,0
2022,982,7,19,0,10,30,4,9,10,10,2,19,17,5,2,5,12,48,0
2023,982,7,40,1,22,62,9,25,11,13,10,53,46,6,1,12,34,95,1
2021,983,30,10,10,9,21,50,70,16,24,18,43,15,4,8,11,31,143,0
2022,983,30,27,9,12,42,65,106,35,40,26,82,23,6,21,19,43,201,0
2024,983,16,38,4,4,22,82,127,41,47,40,101,23,10,16,21,46,217,0
2026,983,6,45,0,31,91,56,86,43,50,38,96,28,12,19,18,54,248,0
2025,985,4,60,10,58,205,56,140,67,94,70,210,74,29,14,58,84,353,0
2026,985,4,36,0,36,83,44,75,26,40,26,123,27,16,7,25,54,222,0
2021,987,7,70,31,207,529,200,382,142,174,20,209,126,31,11,64,111,1163,0
2022,987,7,42,20,102,304,107,226,78,103,13,143,92,38,6,34,74,598,0
2023,987,7,71,45,212,550,128,297,127,165,21,230,129,49,12,60,120,1019,0
2024,987,7,79,12,211,597,181,379,144,169,22,232,139,42,6,69,106,1139,0
2025,987,9,77,77,168,457,108,223,124,145,18,165,123,38,7,48,96,844,0
2026,987,8,63,5,172,428,109,191,132,161,11,154,82,32,9,33,73,866,0
2021,989,3,58,7,75,239,55,117,35,43,28,101,69,33,6,43,99,370,0
2022,989,1,52,18,44,122,30,64,35,41,17,65,40,18,6,20,76,227,0
2021,990,23,62,62,82,208,391,716,182,204,62,357,220,55,51,107,119,1210,0
2022,990,23,73,73,101,275,392,747,170,202,77,419,252,47,43,116,164,1257,1
2023,990,23,74,74,126,324,297,521,113,129,67,357,186,68,40,89,149,1085,0
2024,990,23,70,70,91,258,372,693,187,213,80,373,217,70,46,93,115,1204,0
2025,990,9,73,73,91,264,293,541,143,166,65,367,162,74,57,85,138,1002,0
2026,990,9,46,46,60,177,165,320,106,121,42,202,102,45,12,49,79,616,0
2021,992,5,58,18,42,118,127,211,67,79,30,112,271,40,14,96,89,447,0
2022,993,5,55,7,0,0,72,123,19,29,67,119,27,10,33,34,62,163,0
2023,993,5,12,0,3,5,3,7,4,4,1,10,1,1,1,1,2,19,0
2025,993,12,14,0,1,3,28,42,2,6,18,24,6,2,9,5,11,61,0
2026,993,12,38,3,1,2,58,104,32,43,56,51,20,6,7,17,60,151,0
2021,994,1,47,23,62,109,26,62,11,11,18,94,59,13,11,21,75,249,0
2023,995,24,79,60,100,253,128,247,32,45,145,281,117,50,62,73,179,588,0
2024,995,5,53,14,60,153,48,98,27,36,69,148,58,30,21,32,110,303,0
2025,996,3,28,0,24,77,70,143,55,73,32,88,55,24,10,39,55,267,0
2024,997,25,70,49,58,172,139,266,75,99,139,204,87,66,33,84,174,527,0
2025,997,25,78,78,135,360,193,356,91,126,173,277,175,116,50,109,230,882,0
2026,997,25,64,64,162,454,133,231,77,114,106,235,163,70,27,120,192,829,0
2021,998,1,63,63,136,397,351,715,484,546,38,207,594,53,12,261,111,1594,0
2022,998,1,76,76,233,610,478,934,500,553,50,234,737,72,7,303,128,2155,0
2023,998,1,73,73,154,460,443,930,566,639,56,161,741,80,9,300,104,1914,0
2024,998,1,54,54,175,469,258,539,348,407,23,126,583,72,11,235,109,1389,0
2025,998,1,76,76,218,642,348,734,491,561,36,200,880,91,12,355,145,1841,0
2024,999,10,68,16,0,1,233,331,74,132,135,206,82,29,76,49,108,540,0
2025,999,10,62,37,0,3,174,299,59,102,122,189,104,23,38,45,73,407,0
2026,1001,30,49,31,96,256,126,260,69,78,26,112,101,30,17,74,91,609,0
2021,1002,27,37,1,3,5,34,73,17,19,8,13,39,8,0,13,13,94,0
2022,1002,27,69,11,10,51,156,288,71,91,29,126,233,42,7,46,78,413,0
2023,1002,27,68,65,45,158,296,585,148,172,56,189,448,89,9,110,98,875,2
2024,1002,27,77,48,64,191,239,409,101,118,58,231,478,78,9,116,92,771,1
2026,1002,5,46,23,27,81,179,301,129,155,27,106,255,56,9,61,65,568,0
2022,1003,21,60,26,98,272,133,316,65,82,25,146,91,47,12,71,102,625,0
2023,1003,21,67,5,81,257,116,244,42,55,27,128,120,40,11,62,99,517,1
2025,1003,4,13,0,24,60,46,101,19,21,12,26,39,7,4,25,24,183,0
2026,1003,4,42,1,47,145,53,133,21,25,20,69,82,22,5,50,65,268,0
2021,1005,2,26,3,15,38,19,46,16,17,5,16,62,15,1,27,17,99,0
2022,1006,25,48,10,9,38,133,229,71,94,57,142,81,25,28,44,116,364,0
2023,1006,25,62,12,25,64,156,259,72,100,42,196,130,32,12,71,118,459,0
2024,1006,3,63,2,27,68,137,243,77,97,52,142,81,23,19,63,106,432,0
2025,1006,3,44,6,29,88,135,262,93,122,37,123,115,27,12,83,95,450,0
2026,1006,23,40,6,10,35,90,159,37,50,30,103,101,11,14,42,78,247,1
2021,1007,29,30,0,5,26,27,45,19,19,11,33,45,9,4,21,22,88,0
2022,1007,29,60,6,5,27,71,128,38,48,23,76,106,30,6,48,43,195,0
2023,1007,1,23,3,0,2,25,58,2,3,5,32,38,7,2,15,17,52,0
2024,1007,1,38,0,2,10,32,80,13,17,11,40,92,11,3,20,25,83,0
2022,1009,11,10,0,9,24,6,9,4,4,7,9,4,5,1,7,6,43,0
2024,1009,22,14,0,3,17,11,21,9,12,3,17,18,7,5,7,15,40,0
2025,1009,22,31,2,22,77,34,70,18,21,26,28,38,31,10,22,38,152,0
2021,1010,16,30,27,50,143,49,98,34,44,27,117,55,31,18,21,55,282,0
2022,1010,14,24,11,20,74,13,25,10,18,10,72,27,13,6,11,20,96,0
2025,1013,8,24,0,3,17,10,24,3,4,1,11,11,2,1,5,10,32,0
2021,1014,7,62,1,58,164,93,189,51,57,10,44,81,36,7,33,64,411,0
2022,1014,7,42,0,26,82,58,133,20,23,4,29,57,12,0,26,39,214,0
2026,1015,20,11,0,0,0,4,7,1,1,8,8,3,1,2,6,9,9,0
2021,1016,27,23,9,14,40,29,50,15,23,9,77,14,6,1,6,13,115,0
2023,1016,26,74,0,87,240,100,168,101,124,68,232,66,27,31,64,97,562,0
2024,1016,26,58,0,84,219,59,102,49,70,61,196,72,17,19,38,86,419,0
2025,1016,26,69,5,81,238,76,136,56,80,80,236,82,41,23,39,86,451,0
2022,1017,19,62,1,71,186,38,91,45,51,47,100,38,23,7,16,60,334,0
2023,1017,19,79,65,202,497,185,303,172,190,59,222,112,89,43,61,155,1148,0
2024,1017,19,57,23,169,445,106,176,123,151,42,238,124,51,28,34,70,842,0
2025,1017,19,53,51,158,438,223,401,204,230,47,221,188,56,39,103,112,1124,0
2026,1017,19,56,56,183,477,247,432,186,210,58,258,214,86,18,102,118,1229,0
2025,1018,22,74,38,80,239,119,244,55,63,73,172,113,33,18,56,94,533,0
2026,1018,22,57,20,92,235,102,204,39,45,42,165,79,51,18,46,79,519,0
2021,1020,2,54,43,0,3,169,323,71,120,169,270,67,24,33,62,119,409,0
2024,1020,6,49,0,0,1,73,119,15,52,73,101,51,12,14,29,59,161,0
2025,1020,6,40,0,0,3,31,68,7,30,32,102,24,2,11,14,36,69,0
2024,1021,30,10,4,10,36,19,31,17,22,6,30,13,5,7,10,28,85,0
2025,1021,30,35,1,38,102,82,140,52,67,26,104,39,11,23,42,57,330,0
2026,1021,30,38,8,27,91,79,133,65,82,24,82,45,16,27,44,54,304,0
2022,1023,5,66,7,47,133,61,125,20,26,39,164,66,36,5,26,62,283,0
2023,1023,14,76,45,107,281,93,184,34,39,62,246,95,59,16,49,120,541,0
2021,1024,21,33,1,71,168,57,119,26,34,10,81,120,20,6,47,61,353,0
2022,1024,21,48,4,54,186,70,142,38,47,19,59,109,30,5,37,73,340,0
2023,1024,10,45,2,35,90,83,152,38,41,7,71,135,23,5,30,64,309,0
2025,1024,6,70,3,111,253,208,365,129,148,50,123,237,78,3,92,102,878,0
2026,1024,15,10,10,25,62,38,69,43,49,7,21,54,14,2,16,23,194,0
2021,1025,24,15,0,2,9,1,3,1,2,2,8,6,0,1,3,2,9,0
2021,1026,7,18,0,1,4,6,18,3,5,8,11,3,0,1,3,6,18,0
2022,1027,5,20,2,0,0,23,38,21,32,16,37,3,4,4,7,28,67,0
2021,1030,16,54,15,107,297,200,402,94,117,25,243,184,35,17,101,71,815,0
2022,1030,16,66,10,175,439,326,683,190,219,32,297,263,44,8,174,95,1367,0
2023,1030,16,67,67,203,537,284,572,170,182,27,333,280,51,16,158,101,1347,1
2024,1030,16,42,40,132,333,192,402,95,111,19,203,188,30,3,93,63,875,0
2025,1030,16,77,77,251,670,400,708,287,327,35,364,424,69,17,198,85,1840,0
2026,1030,16,19,14,47,119,107,189,61,66,10,75,71,15,7,37,35,416,0
2021,1031,3,39,3,48,132,24,51,18,21,6,71,47,14,0,17,43,210,0
2025,1032,20,41,0,14,47,13,35,13,17,8,19,70,12,4,18,26,81,0
2026,1032,20,53,1,37,103,60,125,12,18,15,76,152,19,3,53,61,243,0
2025,1033,17,23,0,13,30,11,20,6,8,6,19,4,3,4,8,11,67,0
2021,1034,7,11,0,0,7,5,9,1,3,0,6,6,5,0,2,2,11,0
2021,1035,26,58,20,121,296,171,323,48,56,39,134,309,77,28,92,83,753,0
2023,1035,12,56,56,161,402,251,439,175,201,33,172,585,91,25,141,69,1160,0
2024,1035,12,69,68,195,535,305,513,194,227,35,236,752,83,48,159,75,1389,1
2025,1035,12,73,73,218,562,258,444,189,222,42,216,673,105,49,120,92,1359,0
2023,1036,1,16,0,1,7,8,16,2,2,5,7,2,1,0,2,2,21,0
2025,1036,3,60,11,99,282,90,183,46,58,58,161,122,34,9,74,77,523,0
2021,1037,23,61,8,31,103,167,326,61,70,11,93,120,26,13,41,79,488,0
2022,1037,23,75,74,132,309,351,686,213,246,26,214,321,55,32,88,156,1311,0
2023,1037,23,60,41,160,369,279,544,180,213,23,153,212,49,8,80,132,1218,0
2024,1037,23,70,70,212,569,426,850,328,378,36,222,433,69,33,116,151,1816,0
2025,1037,23,52,52,161,478,316,613,254,289,15,159,317,91,21,124,116,1369,1
2026,1037,23,61,61,202,542,414,794,333,373,18,233,407,124,50,149,132,1767,0
2026,1038,6,42,1,36,107,34,70,25,29,6,37,55,17,0,27,48,201,0
2023,1041,11,31,2,19,80,39,80,10,18,2,43,47,15,2,14,29,145,0
2024,1041,17,11,0,2,6,4,14,0,0,1,4,5,3,0,2,1,14,0
2025,1041,24,16,0,4,21,10,24,3,6,4,9,16,3,0,3,4,35,0
2021,1042,15,70,9,45,140,133,273,41,45,21,119,259,64,6,48,31,442,0
2022,1042,15,73,23,80,205,169,347,54,66,17,159,324,66,2,46,32,632,0
2023,1042,15,80,22,121,326,190,384,80,100,28,172,417,83,6,74,32,823,1
2024,1042,30,66,66,106,256,220,410,32,40,20,159,485,71,18,66,48,790,1
2025,1042,24,81,58,166,401,140,282,51,57,40,156,429,69,8,91,63,829,0
2021,1043,29,15,0,0,0,4,9,8,10,4,9,0,1,4,3,9,16,0
2022,1043,29,17,6,0,0,37,49,6,11,18,53,0,1,11,12,25,80,0
2023,1043,29,36,4,0,0,59,72,7,20,31,88,11,6,15,18,34,125,0
2024,1043,24,16,0,0,0,16,23,3,13,11,21,3,1,6,4,17,35,0
2022,1044,16,13,0,1,4,13,27,3,3,4,21,4,1,1,5,15,32,0
2022,1046,11,24,2,5,20,14,24,5,7,21,62,17,10,11,6,28,48,0
2023,1046,11,75,1,24,59,62,118,29,47,120,187,64,44,29,47,135,225,0
2021,1048,4,19,4,1,7,17,29,9,11,6,21,2,1,5,5,13,46,0
2023,1048,30,11,0,0,0,2,8,2,2,3,8,3,2,2,2,5,6,0
2023,1049,16,42,2,70,212,90,191,59,79,16,112,146,57,12,87,99,449,0
2024,1050,27,71,71,128,394,423,792,292,367,161,594,274,88,254,260,153,1522,2
2025,1050,27,46,46,142,403,266,454,158,189,82,424,168,52,176,149,105,1116,1
2026,1050,27,49,40,88,252,310,541,282,346,96,453,142,48,147,125,132,1166,1
2023,1051,15,15,1,4,28,8,12,2,2,4,11,4,6,2,5,12,30,0
2024,1051,15,52,33,79,209,90,170,104,130,59,231,175,47,34,92,135,521,0
2025,1051,15,27,5,26,95,41,72,19,24,22,76,55,12,7,33,45,179,0
2021,1052,23,10,0,0,1,3,11,2,6,6,8,2,0,3,4,8,8,0
2022,1053,21,30,8,32,98,36,69,19,22,18,83,57,19,8,29,65,187,0
2023,1053,1,29,0,5,21,10,16,1,2,6,20,17,5,1,5,17,36,0
2024,1053,1,22,14,28,68,23,36,5,6,11,41,50,13,6,20,48,135,0
2025,1053,1,57,16,90,206,55,86,32,45,22,134,147,36,26,50,105,412,0
2026,1054,23,57,57,118,327,205,429,109,136,91,224,222,84,30,105,169,873,0
2021,1056,8,41,1,9,33,24,39,10,13,11,39,14,11,2,14,18,85,0
2022,1056,8,15,1,7,12,16,29,9,14,8,23,17,2,3,9,18,62,0
2023,1056,8,60,9,43,115,65,112,38,41,24,104,80,22,14,37,84,297,0
2025,1056,8,13,0,4,15,6,11,0,0,6,26,9,3,2,11,10,24,0
2023,1057,29,74,40,1,3,297,411,82,159,231,389,69,26,173,58,169,679,0
2024,1057,29,64,22,4,19,225,331,56,93,165,316,60,30,154,66,132,518,0
2025,1057,29,58,58,6,34,272,385,79,152,266,441,97,36,138,86,130,641,0
2021,1059,9,46,31,116,275,33,63,28,35,12,73,67,18,9,33,59,442,0
2022,1059,14,43,9,82,211,16,26,9,11,10,67,30,23,5,19,42,287,0
2022,1061,22,62,61,70,214,289,470,143,207,139,509,171,36,43,117,169,931,0
2023,1061,22,57,54,80,225,242,388,144,195,120,377,132,30,33,106,159,868,0
2024,1061,22,55,48,64,171,159,254,93,134,112,269,95,35,28,68,121,603,0
2025,1061,22,68,51,37,158,189,333,129,175,151,341,134,52,41,77,199,618,0
2026,1061,22,59,59,59,183,186,305,132,165,126,321,122,46,38,73,208,681,0
2023,1062,18,29,2,2,17,16,26,4,5,4,14,18,8,5,8,13,42,0
2024,1062,18,25,0,0,6,9,12,0,0,0,12,6,5,1,4,5,18,0
2021,1063,19,21,0,13,32,11,28,11,17,20,34,11,9,8,15,32,72,0
2023,1063,14,68,2,10,36,145,224,52,84,116,170,36,26,35,46,144,372,0
2021,1065,14,58,10,66,197,23,55,35,41,20,73,54,38,17,26,80,279,0
2022,1065,17,49,14,53,157,34,63,22,28,30,62,36,23,8,18,87,249,0
2023,1065,17,52,0,39,124,19,36,24,28,34,79,34,20,13,18,71,179,0
2024,1065,1,36,3,24,69,10,28,18,24,9,44,23,16,11,8,43,110,0
2021,1066,8,56,52,98,257,161,351,95,121,39,187,181,50,23,96,95,711,0
2022,1066,8,71,71,157,430,235,466,102,127,44,296,276,55,31,127,114,1043,0
2026,1068,10,54,16,60,172,77,114,42,50,55,81,78,64,7,43,100,376,0
2026,1069,30,54,4,46,142,108,217,78,100,43,89,88,35,5,56,52,432,0
2021,1070,7,53,16,1,11,114,171,49,78,66,170,35,21,43,29,129,280,0
2021,1071,19,47,12,1,10,150,258,62,93,117,217,50,22,23,34,68,365,0
2022,1071,19,50,8,4,12,166,315,109,141,143,195,63,21,19,51,97,453,0
2023,1071,19,38,2,3,11,86,158,81,104,58,122,33,17,13,39,64,262,0
2023,1072,30,10,1,0,1,17,27,4,10,16,22,6,6,4,8,13,38,0
2022,1073,13,10,0,5,14,20,37,3,5,2,12,24,7,3,6,9,58,0
2024,1073,13,14,1,2,17,13,29,1,2,8,10,21,3,3,5,8,33,0
2021,1075,15,59,12,22,65,145,234,34,53,74,182,75,44,33,45,116,390,0
2022,1075,15,53,2,10,49,88,167,46,71,66,95,62,49,15,34,63,252,0
2023,1075,15,61,29,4,15,184,291,49,89,121,186,96,58,29,44,97,429,0
2025,1075,2,33,2,5,32,8,21,3,4,10,33,7,11,5,14,18,34,0
2026,1076,25,37,1,5,40,22,51,21,26,18,39,22,3,9,30,40,80,0
2026,1077,13,41,0,1,5,63,95,47,62,37,80,12,5,30,23,66,176,0
2025,1079,15,22,0,7,23,4,7,7,9,0,12,19,2,0,5,8,36,0
2021,1081,28,50,4,36,90,43,90,24,29,36,123,40,26,19,19,57,218,0
2022,1081,28,38,4,27,79,29,59,24,40,18,74,21,11,16,19,38,163,0
2023,1081,3,58,1,60,135,54,97,34,47,30,111,48,25,17,22,80,322,0
2025,1082,19,73,67,0,1,269,491,127,204,255,346,99,37,98,82,145,665,0
2026,1082,19,52,8,0,1,124,228,42,75,146,141,59,18,72,40,88,290,0
2022,1083,15,12,0,3,9,2,7,0,2,5,7,1,1,4,1,6,13,0
2025,1084,1,75,73,122,344,235,435,106,149,86,182,92,52,37,92,149,942,0
2026,1084,1,50,45,76,214,120,229,38,65,47,140,65,47,27,46,108,506,0
2022,1085,27,28,4,14,41,62,114,52,65,46,107,61,13,23,45,67,218,0
2023,1085,27,63,26,55,147,229,401,108,142,116,286,180,37,49,129,199,731,0
2024,1085,27,69,29,58,181,240,435,122,162,118,252,194,34,52,132,206,776,0
2026,1085,5,10,0,9,21,28,43,14,20,16,40,15,2,4,10,18,97,0
2025,1086,15,66,55,18,52,233,381,90,127,232,316,65,36,85,88,182,610,0
2026,1086,15,11,11,1,5,61,93,25,32,43,79,12,7,21,26,37,150,0
2021,1087,5,58,58,200,477,369,646,253,298,36,253,282,46,27,203,138,1591,0
2022,1087,5,67,67,185,475,380,711,320,375,22,286,303,41,23,171,120,1635,0
2023,1087,5,77,77,204,544,469,844,363,428,42,303,327,69,18,194,159,1913,0
2024,1087,5,25,23,59,169,111,207,88,103,8,121,98,21,8,52,57,487,0
2026,1087,26,39,37,99,254,163,293,125,142,8,100,89,28,10,74,81,748,0
2021,1089,8,42,1,24,59,26,45,12,15,14,51,10,8,4,7,29,136,0
2022,1089,8,41,1,37,80,59,106,41,65,56,91,17,16,13,23,79,270,0
2023,1089,8,53,5,17,65,93,131,40,62,65,73,18,17,23,31,105,277,0
2024,1089,8,58,0,6,23,63,126,42,62,61,65,32,15,38,27,81,186,0
2025,1089,8,57,4,17,52,53,89,27,44,33,57,23,25,38,14,62,184,0
2026,1089,8,45,3,13,47,52,88,33,42,30,93,24,15,21,24,59,176,0
2022,1090,15,62,31,76,242,115,182,43,55,26,103,65,35,12,41,113,501,0
2023,1090,15,37,4,25,97,59,99,17,22,16,63,35,14,6,37,58,210,0
2024,1090,15,51,15,58,189,92,189,62,75,35,145,75,36,9,66,85,420,0
2025,1090,3,63,45,103,302,111,218,101,123,61,226,84,62,28,67,149,632,0
2026,1090,3,45,5,73,222,66,113,86,98,25,84,42,54,19,45,91,437,0
2021,1091,19,61,61,10,34,624,1003,369,529,167,274,226,57,39,167,135,1647,0
2023,1091,19,29,29,7,19,278,450,177,248,58,144,133,32,16,99,65,754,0
2024,1091,19,70,70,6,18,618,1076,347,494,122,284,352,77,47,193,159,1601,0
2025,1091,19,30,30,3,13,285,495,158,241,76,140,159,37,27,90,82,737,2
2026,1091,19,48,41,1,4,386,658,258,360,109,177,164,50,27,103,114,1033,0